lexical_item	mapped_target_label	mapped_ipa	is_mapped	total_count	surface_seg_counts
lott			no	1557	O:1314; o:174; O_E:22; u:18; o_e:13; ö:6; E:4; Ö:2; A:2; O-E:1; o::1
lass			no	1159	a:1141; A:8; Ä:4; E:3; ä:1; aE:1; e:1
flytta			no	1154	y:1046; o_e:23; U:15; ö:15; O_E:13; Ö:11; ö::10; y::9; Ö::4; Y:4; o_e::3; E:1
dörr			no	1141	o_e:531; Ö:313; ö::92; 9:37; o_e::30; O_E:29; Ö::21; ö:18; O:17; ö:a:10; yo_e:7; E:7; o-e:5; U:5; y:4; A:4; yö:4; a:4; o_E:1; ö:E:1; E::1
disk			no	1134	i:1097; I:29; e:7; u:1
sitt			no	1122	i:1081; I:25; y:8; i::5; U:2; O:1
lett			no	1118	e:782; ä:312; ei:10; i:9; ie:2; Ä:1; E:1; O:1
särk			no	1102	Ä:823; ä:206; e:35; a:27; E:9; i:1; O:1
blött			no	1077	ö:444; o_e:393; Ö:97; O:39; E:23; ö::18; U:14; a:10; o_ey:9; 2:6; O_E:5; yö:5; öi:4; o_e::4; ai:3; A:2; o_ei:1
ludd			no	1063	O_E:582; U:242; u:139; u0:44; u::21; O:10; E:10; o_e:6; o::5; O_E::4
tysk			no	1056	y:1024; U:24; Y:4; i:2; u:1; y::1
dis			no	1051	i::914; I::125; e::8; I:2; ö::1; i:1
sytt			no	1047	y:966; U:36; Y:12; i:11; o_e:8; ö::5; Öu:2; ö:2; O:2; Ö:1; e:1; ä:1
såll			no	1021	O:835; o:148; ö:14; u:13; o::4; A:2; O_E:2; Ö:2; o_e:1
lätt			no	601	ä:495; e:57; Ä:27; e::9; ä::5; o_e:4; E:2; I:2
läsk			no	496	ä:284; e:165; Ä:45; E:2
skott			no	474	u:439; U:22; O:6; o:4; O::3
snott			no	369	u:307; o:32; O:16; O_E:11; u::2; E:1
fisk			no	234	i:201; I:17; e:14; y:2
frost			no	61	O:58; o:3
ris			no	57	i::32; Ai:15; I::6; ai:4
präst			no	43	ä:28; Ä:15
nytt			no	41	y:29; y::11; i:1
brott			no	39	O:26; o::10; o:3
rysk			no	39	y:34; y::5
gris			no	37	i::37
gröt			no	30	e:12; o_e:6; o_ey:5; o_ei:4; Öy:2; Öi:1
glött			no	29	ö:21; o_e:7; Ö:1
värre			no	28	Ä:28
åtta			no	28	O:28
snett			no	27	ei:12; ä:11; ie:2; e:2
sött			no	27	ö:19; Ö:4; yo_e:3; yö:1
brytt			no	26	y:26
hund			no	26	O_E:26
där			no	23	Ä::22; ä::1
fångade			no	22	O:15; o:7
mörk			no	22	Ö:11; o_e:9; ö:2
rott			no	22	u:22
läsa			no	20	e:15; ä:5
brett			no	19	ei:18; eiyyyy:1
res			no	19	ei:16; e::2; ie::1
råd			no	19	o:17; O:2
spott			no	19	U:16; O_E:3
medans			no	18	ä:18
pris			no	18	i:18
syster			no	18	y:11; i:7
blått			no	17	O:12; o:5
dyrt			no	17	y:9; i:8
häst			no	16	ä:11; e:5
märr			no	16	Ä:15; ä:1
stjäla			no	16	e::10; ä::6
gräs			no	15	Ä::10; ä::5
led			no	15	e:9; ie:6
dike			no	14	Ai:11; ai:3
kol			no	14	uo_e:14
kål			no	14	o:8; o~:3; u:3
rad			no	14	A:14
värk			no	13	Ä:13
blöt(s)			no	12	Ä:11; o_e:1
bär			no	12	Ä::12
hett			no	12	Ä:12
leda			no	12	ei:12
rost			no	12	o_e:12
röst			no	12	o_e:12
tand			no	12	O:8; o:3; a:1
tunn			no	12	O:8; OE:4
tam			no	11	A:7; o:4
resa			no	10	ie~:7; ie:3
stor			no	10	o::7; Ou::3
blod			no	9	o_e:9
bytt			no	9	y:9
kyta			no	9	oy:6; oi:3
luft			no	9	u:6; O_E:3
lät			no	9	uo:5; o::3; o:1
morgon			no	9	o_e:9
ratt			no	9	a:9
son			no	9	o::7; O_E::2
lov			no	8	uo:8
orm			no	8	u:8
låsa			no	7	ä~:4; e~:3
ruff			no	7	O_E:4; u:3
lam			no	6	A:6
mörkt			no	6	o_e:4; ö:2
röd			no	6	o:3; o_e:3
ås			no	6	o~:6
lova			no	5	ö::4; o::1
lärka			no	5	Ä:5
blåst			no	4	ä:3; o:1
glott			no	4	u:4
göut			no	4	öu:4
kaka			no	4	A::4
rodd			no	4	u:4
rönn			no	4	öu:4
tunna			no	4	O_E:4
tunt			no	4	O_E:4
öra			no	4	öi:4
blåst(sup)			no	3	Ä:3
brosk			no	3	O:3
butt			no	3	O_E:3
din(f)			no	3	Ai~:3
han			no	3	a:3
hus			no	3	au:3
lada			no	3	ie:3
lotten			no	3	O:3
rev			no	3	e::3
rodde			no	3	u:3
rått			no	3	O:3
sant			no	3	O:2; a:1
snodd			no	3	u:3
söma			no	3	ö::3
vift			no	3	i:3
gata			no	2	E:1; A::1
ryskt			no	2	y:2
röra			no	2	ö::2
bada			no	1	A::1
brydd			no	1	y:1
flytt			no	1	y::1
panna			no	1	a:1
saker			no	1	i:1
själen			no	1	o:1
sudd			no	1	E:1
tack			no	1	a:1
blöt	ö:	øː	yes	1170	ö::690; o_e::272; Ö::62; au:27; E::16; ai:13; O_E::11; o::11; öy:10; U::8; o_e:8; u:5; ÖU:5; öU:5; o_ey:5; o:4; öu:4; 2::4; öi:2; ö:2; Ö:2; o_eU:2; ä::1; EU::1
söt	ö:	øː	yes	1162	ö::757; o_e::279; Ö::61; E::16; O_E::14; yö:11; öE:5; 2::4; yo_e:3; öi:3; o_e:3; ö:E:2; U::1; E:1; ö:;:1; öe:1
låt	o:	oː	yes	1151	o::1121; O::25; A::3; O:1; a::1
dör	ö:	øː	yes	1132	Ö::434; o_e::279; ö::243; 9::36; O_E::22; Ä:19; E::12; öi:11; A::10; O::9; öa:8; o_ey:7; öy:7; Öi:6; oi:5; o::4; ö:a:3; ö:E:3; Öy:3; U::2; ä:2; Ö:;:1; U:1; a::1; o_ei:1; E:1; o_e:1; Ö:1
nät	ä:	æː	yes	1132	ä::918; e::84; Ä::68; a:19; ie:11; ä:10; a::9; E::5; ä~::4; ie::2; ä_:1; ä.:1
lat	A:	ɑː	yes	1125	A::1004; a::61; O::26; a:13; A:8; o::4; EA::2; AE:2; au:2; ö::1; a:;:1; A:E:1
sot	u:	uː	yes	1123	u::1014; o::68; ou:12; uo_e:6; Ou::5; u:E:4; O::4; Uo_e:3; ou::2; ö::2; o:1; U::1; u.:1
leta	e:	eː	yes	1119	e::962; ä::74; ei:60; Äi:13; i::5; e:2; A::1; ee:1; o_e::1
lär	ä:	æː	yes	1102	Ä::798; ä::266; e::23; <::5; E::3; Ä:;:2; Ä:2; ä:1; a::1; ö::1
lus	U:	ʉ̟ː	yes	1099	U::1033; u::26; au:7; O_E:6; O_E::6; o::5; \}::4; o_e::3; Ö:3; oy:2; I::1; i:1; U:E:1; UE:1
lös	ö:	øː	yes	1096	ö::666; o_e::270; Ö::47; au:17; O_E::13; E::12; öE:7; o_eu:6; ÖU:6; ai:6; öu:6; öU:5; oi:5; u:4; Öu:4; U::4; ou:4; o:3; 2::3; öU::3; ö:E:2; ö:;:1; o_e:1; O_E:1
typ	y:	yː	yes	1082	y::990; U::30; i::28; I::18; e::5; o_e::5; y:3; ö::3
läs	ä:	æː	yes	831	ä::666; e::65; Ä::43; ä:14; ie:11; e:a:10; e:9; E::5; eä:4; o_e::2; ea:1; iE:1
sova	o:	oː	yes	659	o::573; O::27; o_e::22; Ö::21; a::5; ö::4; e::4; O_E::3
lås	o:	oː	yes	603	o::526; O::51; o~:6; ao:5; uo:5; uo::3; uO:3; u~:1; O:1; y::1; o:1
gles	e:	eː	yes	254	e::198; ä::29; i:17; i::6; ie:1; Ä::1; ei::1; ey::1
ost	u:	uː	yes	212	u:187; ou:10; u::10; U:2; O_E:1; Ou::1; au:1
rör	ö:	øː	yes	67	Ö::27; o_e:23; ö::7; 9::6; o_e::4
rot	u:	uː	yes	55	u::22; u:13; ou:11; uo_e:8; Uo_e:1
grus	U:	ʉ̟ː	yes	34	U:19; U::14; y::1
nya	y:	yː	yes	33	y::26; i::7
fräs	ä:	æː	yes	30	ä::26; Ä::4
sköta	ö:	øː	yes	28	ö::14; Ö::13; O_E::1
gråt	o:	oː	yes	26	o::26
hes	e:	eː	yes	26	e::15; ä::8; ei:3
rök	ö:	øː	yes	24	Ö::8; o_e::7; öu:4; ÖU:3; ö::2
grep	e:	eː	yes	23	e::9; ä::7; ei:4; ei::2; i::1
gård	o:	oː	yes	23	o::12; o:11
skjuta	U:	ʉ̟ː	yes	22	U::15; u::7
vev	e:	eː	yes	22	e::9; ä::7; ei::3; ei:3
tyskt	y:	yː	yes	21	y::12; y:9
väv	ä:	æː	yes	21	Ä::11; ä::10
båt	o:	oː	yes	20	o::20
skön	ö:	øː	yes	19	ö::9; o_e::7; Ö::3
sten	e:	eː	yes	16	e::12; ä::4
glas	A:	ɑː	yes	15	A::10; a::5
gren	e:	eː	yes	15	e::12; ä::3
plåt	o:	oː	yes	15	o::10; uo:5
prytt	y:	yː	yes	15	y::10; y:5
tyg	y:	yː	yes	15	y::15
stör	ö:	øː	yes	14	ö::7; o_e::5; yö::1; yö:1
smör	ö:	øː	yes	12	o_e::9; ö::3
steg	e:	eː	yes	9	e::9
huset	U:	ʉ̟ː	yes	4	U::4
stuga	U:	ʉ̟ː	yes	4	U::4
styv	y:	yː	yes	3	y::3
