village,speaker,vowel,n_speakers,n_tokens,geo_x,geo_y,display_x,display_y
ankarsrum,,eː,3,15,149.0,456.0,-12.5078408877,-4.38498040695
ankarsrum,,oː,3,15,149.0,456.0,-6.97522409993,-4.35776387151
ankarsrum,,uː,3,15,149.0,456.0,-7.73815102329,-4.56611570248
ankarsrum,,yː,3,15,149.0,456.0,-12.826953405,-4.54815550041
ankarsrum,,æː,3,30,149.0,456.0,-11.599216379200001,-5.95996906419
ankarsrum,,øː,3,39,149.0,456.0,-10.329839262,-5.66899246607
ankarsrum,,ɑː,3,15,149.0,456.0,-8.37011588275,-5.59196850394
ankarsrum,,ʉ̟ː,3,16,149.0,456.0,-11.5690257559,-4.3072690554649995
anundsjo,,eː,3,15,182.0,230.0,-12.9260991105,-4.76173628174
anundsjo,,oː,3,15,182.0,230.0,-7.22720812183,-4.56611570248
anundsjo,,uː,3,15,182.0,230.0,-6.97522409993,-3.94782830429
anundsjo,,yː,3,16,182.0,230.0,-13.10354088645,-3.985691502385
anundsjo,,æː,3,30,182.0,230.0,-12.318991575950001,-5.79750477076
anundsjo,,øː,3,45,182.0,230.0,-11.804077135,-4.67325657895
anundsjo,,ɑː,3,15,182.0,230.0,-7.77732394366,-5.42777777778
anundsjo,,ʉ̟ː,3,15,182.0,230.0,-12.1429001883,-3.9002725724
are,,eː,3,18,89.0,227.0,-12.8988948307,-5.04864646465
are,,oː,3,16,89.0,227.0,-7.017517629855,-4.48506014102
are,,uː,3,16,89.0,227.0,-6.62133931912,-3.7554512128599997
are,,yː,3,16,89.0,227.0,-13.1398149537,-3.38333358648
are,,æː,3,33,89.0,227.0,-12.0510095729,-6.1001890503
are,,øː,3,58,89.0,227.0,-10.4476408557,-5.51019762846
are,,ɑː,3,16,89.0,227.0,-8.16013793103,-5.42777777778
are,,ʉ̟ː,3,16,89.0,227.0,-12.1694736842,-3.5812484643299998
arjeplog,,eː,3,18,171.0,122.0,-12.890368791850001,-4.74850964735
arjeplog,,oː,3,18,171.0,122.0,-7.59972982581,-4.8213494451950005
arjeplog,,uː,3,17,171.0,122.0,-8.430899601955,-3.7396015336649997
arjeplog,,yː,3,15,171.0,122.0,-12.8988948307,-3.72738197425
arjeplog,,æː,3,35,171.0,122.0,-11.7097515569,-6.2160061092
arjeplog,,øː,3,51,171.0,122.0,-11.88733073705,-4.770540808630001
arjeplog,,ɑː,3,17,171.0,122.0,-8.168919739195001,-5.774994799125
arjeplog,,ʉ̟ː,3,17,171.0,122.0,-12.085161816,-3.828548778755
arstad,,eː,3,15,70.0,485.0,-13.71595439265,-4.60194719472
arstad,,oː,3,13,70.0,485.0,-6.733540865225,-4.20117647059
arstad,,uː,3,14,70.0,485.0,-9.023342997185,-4.3165068439350005
arstad,,yː,3,13,70.0,485.0,-12.8359870944,-4.43068229316
arstad,,æː,3,24,70.0,485.0,-12.2598292423,-5.90481582009
arstad,,øː,3,43,70.0,485.0,-10.5283213429,-4.704298939685
arstad,,ɑː,3,13,70.0,485.0,-7.28231381056,-5.210270996785
arstad,,ʉ̟ː,3,13,70.0,485.0,-11.27710870185,-4.34861435726
arsunda,,eː,3,15,156.0,343.0,-12.0587280108,-5.07435028249
arsunda,,oː,3,14,156.0,343.0,-7.12640241804,-4.46696554587
arsunda,,uː,3,15,156.0,343.0,-7.02474166361,-4.39428571429
arsunda,,yː,3,15,156.0,343.0,-12.6982993021,-3.94782830429
arsunda,,æː,3,28,156.0,343.0,-11.4881466411,-6.341240549589999
arsunda,,øː,3,44,156.0,343.0,-10.7425665287,-5.4855401662
arsunda,,ɑː,3,15,156.0,343.0,-7.71850229601,-5.70537196554
arsunda,,ʉ̟ː,3,15,156.0,343.0,-11.515290812,-3.8045508982
asby,,eː,3,16,125.0,446.0,-12.951466623750001,-4.34861435726
asby,,oː,3,19,125.0,446.0,-6.896883585685,-4.57508467575
asby,,uː,3,15,125.0,446.0,-7.91955276031,-4.59300041271
asby,,yː,3,14,125.0,446.0,-12.0317353579,-4.40242645096
asby,,æː,3,29,125.0,446.0,-12.3637133151,-5.999154594065001
asby,,øː,3,48,125.0,446.0,-11.0752533566,-5.65692307692
asby,,ɑː,3,16,125.0,446.0,-7.98348189415,-5.27776179057
asby,,ʉ̟ː,3,16,125.0,446.0,-11.7117715553,-4.68213727908
aspas,,eː,2,11,112.0,229.0,-12.288119973925,-4.677759553947499
aspas,,oː,2,10,112.0,229.0,-6.973962962965,-4.245755028675
aspas,,uː,2,10,112.0,229.0,-6.6689451772999995,-3.443142144825
aspas,,yː,2,10,112.0,229.0,-12.99996966545,-3.23103347441
aspas,,æː,2,20,112.0,229.0,-11.227011795774999,-6.346625170339999
aspas,,øː,2,35,112.0,229.0,-11.10915301355,-4.8491378403
aspas,,ɑː,2,10,112.0,229.0,-7.58157404289,-5.02994361672
aspas,,ʉ̟ː,2,10,112.0,229.0,-11.60954152065,-3.5319123224249998
bara,,eː,3,13,79.0,539.0,-12.1731423029,-5.0657892612
bara,,oː,3,14,79.0,539.0,-9.190387336715,-5.060778731945
bara,,uː,3,15,79.0,539.0,-9.870653605775,-4.2055947881
bara,,yː,3,14,79.0,539.0,-11.8120484581,-4.2981080756650005
bara,,æː,3,27,79.0,539.0,-10.8248235294,-5.81753894081
bara,,øː,3,40,79.0,539.0,-10.0716101172,-5.197712291045001
bara,,ɑː,3,12,79.0,539.0,-8.523496055915,-5.1934288173
bara,,ʉ̟ː,3,13,79.0,539.0,-10.2886427267,-4.23358891899
bengtsf,,eː,3,13,62.0,401.0,-13.61640032135,-4.04233601354
bengtsf,,oː,3,14,62.0,401.0,-6.95392423685,-4.55713931377
bengtsf,,uː,3,13,62.0,401.0,-6.51783377209,-3.94757015431
bengtsf,,yː,3,12,62.0,401.0,-11.96560024465,-3.895504841805
bengtsf,,æː,3,26,62.0,401.0,-12.3637133151,-5.54298342541
bengtsf,,øː,3,40,62.0,401.0,-11.408724619800001,-4.888751403624999
bengtsf,,ɑː,3,14,62.0,401.0,-7.56646723647,-5.46903992963
bengtsf,,ʉ̟ː,3,13,62.0,401.0,-10.8972131148,-4.11736819907
berg,,eː,3,15,112.0,252.0,-12.447062755000001,-5.31542690604
berg,,oː,3,15,112.0,252.0,-7.36437724982,-4.68213727908
berg,,uː,3,15,112.0,252.0,-7.31659328762,-3.49266261925
berg,,yː,3,14,112.0,252.0,-13.0737672782,-3.82376068376
berg,,æː,3,29,112.0,252.0,-11.9227322404,-6.394430678565
berg,,øː,3,42,112.0,252.0,-10.91294982095,-5.26516212715
berg,,ɑː,3,14,112.0,252.0,-8.12257083621,-5.737544957
berg,,ʉ̟ː,3,14,112.0,252.0,-11.3897761405,-3.957311179745
bjurholm,,eː,3,15,197.0,211.0,-12.5384728033,-4.48506014102
bjurholm,,oː,3,14,197.0,211.0,-7.14682189181,-4.60194719472
bjurholm,,uː,3,14,197.0,211.0,-7.26168657257,-4.07038971618
bjurholm,,yː,3,15,197.0,211.0,-13.1431,-3.79493367565
bjurholm,,æː,3,33,197.0,211.0,-11.65092520765,-6.1197488014850006
bjurholm,,øː,3,44,197.0,211.0,-11.355944334,-4.78374219741
bjurholm,,ɑː,3,16,197.0,211.0,-8.47932249322,-5.676908982624999
bjurholm,,ʉ̟ː,3,14,197.0,211.0,-11.6874979172,-3.73705705706
boda,,eː,1,5,163.0,475.0,-12.919308416,-4.44884088076
boda,,oː,1,5,163.0,475.0,-6.9468138337,-4.43976724855
boda,,uː,1,4,163.0,475.0,-7.455028471035,-4.26171545532
boda,,yː,1,5,163.0,475.0,-12.1124076571,-3.9667940552
boda,,æː,1,9,163.0,475.0,-11.1496803916,-6.36806366048
boda,,øː,1,18,163.0,475.0,-11.3219535919,-5.214473123935
boda,,ɑː,1,5,163.0,475.0,-8.05961165049,-6.05382602002
boda,,ʉ̟ː,1,4,163.0,475.0,-11.21258007095,-4.592376114845
borga,,eː,1,4,337.0,331.0,-12.7035245577,-4.897455879864999
borga,,oː,1,5,337.0,331.0,-7.26856729378,-4.98842787682
borga,,uː,1,5,337.0,331.0,-7.07400584795,-3.91931914894
borga,,yː,1,4,337.0,331.0,-13.41480615355,-3.34346573549
borga,,æː,1,10,337.0,331.0,-12.24090183635,-5.5388835917999995
borga,,øː,1,14,337.0,331.0,-11.18660545525,-4.862588285719999
borga,,ɑː,1,4,337.0,331.0,-9.418780396395,-6.25041464531
borga,,ʉ̟ː,1,4,337.0,331.0,-8.565714224025,-3.262982020175
brando,,eː,3,23,237.0,337.0,-12.2185603425,-5.38632206759
brando,,oː,3,10,237.0,337.0,-7.28260913617,-4.882180255665
brando,,uː,3,11,237.0,337.0,-6.73104166667,-3.56162559447
brando,,yː,3,10,237.0,337.0,-12.6807246377,-4.19189575452
brando,,æː,3,10,237.0,337.0,-11.4108432371,-6.20067252579
brando,,øː,3,33,237.0,337.0,-10.5235287843,-5.749094216905
brando,,ɑː,3,10,237.0,337.0,-8.48535049103,-5.88900271634
brando,,ʉ̟ː,3,12,237.0,337.0,-9.76079220371,-3.83335326783
bredsattra,,eː,3,15,158.0,489.0,-13.1233650476,-4.832
bredsattra,,oː,3,15,158.0,489.0,-7.13,-4.42159733777
bredsattra,,uː,3,15,158.0,489.0,-7.6130017762,-3.94782830429
bredsattra,,yː,3,13,158.0,489.0,-12.8886646279,-4.08929054054
bredsattra,,æː,3,29,158.0,489.0,-11.99645746645,-6.424486347725
bredsattra,,øː,3,39,158.0,489.0,-11.5235832631,-4.62874330449
bredsattra,,ɑː,3,13,158.0,489.0,-8.33341530055,-5.65692307692
bredsattra,,ʉ̟ː,3,14,158.0,489.0,-11.655006958,-3.98572761986
broby,,eː,2,7,99.0,510.0,-12.554554029675,-4.4827767400625
broby,,oː,2,8,99.0,510.0,-8.074286153935,-4.353143299905
broby,,uː,2,8,99.0,510.0,-10.725251211015,-4.4054966947050005
broby,,yː,2,8,99.0,510.0,-11.77554462825,-4.543250753395
broby,,æː,2,16,99.0,510.0,-11.9482126247,-5.777541948905
broby,,øː,2,23,99.0,510.0,-10.664016140274999,-4.4283344717275
broby,,ɑː,2,8,99.0,510.0,-9.0746240645,-5.29870538671
broby,,ʉ̟ː,2,7,99.0,510.0,-11.437686501975,-4.1152190851225
burseryd,,eː,2,10,84.0,478.0,-13.0284008638,-4.140711046165
burseryd,,oː,2,10,84.0,478.0,-7.47492927707,-4.402099986775
burseryd,,uː,2,11,84.0,478.0,-8.297460546404999,-3.847728831235
burseryd,,yː,2,9,84.0,478.0,-12.395616135575,-3.7864596932075
burseryd,,æː,2,13,84.0,478.0,-11.390311270275,-6.0182370125
burseryd,,øː,2,30,84.0,478.0,-11.0169611201,-4.34299597013
burseryd,,ɑː,2,10,84.0,478.0,-8.13181921447,-5.37870865064
burseryd,,ʉ̟ː,2,9,84.0,478.0,-11.66555153455,-3.86375990143
burtrask,,eː,3,22,222.0,177.0,-12.56511692005,-4.84949429038
burtrask,,oː,3,12,222.0,177.0,-7.31659328762,-4.565815373105
burtrask,,uː,3,17,222.0,177.0,-7.39836148042,-3.63017241379
burtrask,,yː,3,12,222.0,177.0,-12.990268083,-3.86208191126
burtrask,,æː,3,25,222.0,177.0,-11.5046314885,-6.227484366575
burtrask,,øː,3,42,222.0,177.0,-11.3262151394,-5.28615261686
burtrask,,ɑː,3,12,222.0,177.0,-9.9304044804,-6.54751783703
burtrask,,ʉ̟ː,3,11,222.0,177.0,-11.26433948365,-3.923993788045
dalby,,eː,2,15,82.0,336.0,-12.682487258950001,-4.2308702316525
dalby,,oː,2,8,82.0,336.0,-7.1672032395750005,-4.305707428917501
dalby,,uː,2,8,82.0,336.0,-6.8746474810075,-3.8083276870650002
dalby,,yː,2,7,82.0,336.0,-12.55061569015,-3.8723095893675
dalby,,æː,2,7,82.0,336.0,-12.069240189550001,-6.0880842772224995
dalby,,øː,2,21,82.0,336.0,-11.1597843436,-4.839323096499999
dalby,,ɑː,2,8,82.0,336.0,-8.4117293986125,-5.5078416768125
dalby,,ʉ̟ː,2,7,82.0,336.0,-11.091005512399999,-3.9310540781350003
dragsfjard,,eː,3,18,272.0,350.0,-12.65948339915,-4.966767368519999
dragsfjard,,oː,3,9,272.0,350.0,-7.59308677098,-4.97115977291
dragsfjard,,uː,3,9,272.0,350.0,-6.28471841705,-3.85251387111
dragsfjard,,yː,3,9,272.0,350.0,-12.45764937815,-3.6642396233100003
dragsfjard,,æː,3,8,272.0,350.0,-12.8407161125,-5.0657892612
dragsfjard,,øː,3,30,272.0,350.0,-11.4569816643,-4.757306944105
dragsfjard,,ɑː,3,10,272.0,350.0,-9.10196796339,-6.0537181401849995
dragsfjard,,ʉ̟ː,3,10,272.0,350.0,-9.424313920865,-3.7467238422
faro,,eː,3,12,208.0,445.0,-12.148038511,-4.984091614584999
faro,,oː,3,14,208.0,445.0,-7.1995352215,-4.30275198662
faro,,uː,3,11,208.0,445.0,-7.93877835951,-4.91918699187
faro,,yː,3,13,208.0,445.0,-12.203493169,-3.86686185115
faro,,æː,3,22,208.0,445.0,-13.0997199384,-4.597429503485
faro,,øː,3,32,208.0,445.0,-10.5753624211,-5.180782124885001
faro,,ɑː,3,11,208.0,445.0,-8.084812740875,-5.67156409335
faro,,ʉ̟ː,3,9,208.0,445.0,-10.5094117647,-4.28435328589
floby,,eː,3,11,85.0,439.0,-14.1707278033,-4.17331089609
floby,,oː,3,13,85.0,439.0,-7.26856729378,-4.03292125318
floby,,uː,3,13,85.0,439.0,-6.7528326806150005,-3.48277657267
floby,,yː,3,14,85.0,439.0,-13.7716448465,-3.40337831955
floby,,æː,3,27,85.0,439.0,-12.9969868554,-5.563240914825
floby,,øː,3,40,85.0,439.0,-12.25019896215,-4.389650213975
floby,,ɑː,3,12,85.0,439.0,-7.9066773469200005,-5.1760560365299995
floby,,ʉ̟ː,3,13,85.0,439.0,-11.853584395150001,-3.81412293965
frandef,,eː,3,12,63.0,423.0,-13.087029045400001,-4.403336501675
frandef,,oː,3,12,63.0,423.0,-7.37118387909,-4.35776387151
frandef,,uː,3,12,63.0,423.0,-7.596096512475,-3.84293766012
frandef,,yː,3,11,63.0,423.0,-12.69104225365,-3.932199608985
frandef,,æː,3,26,63.0,423.0,-11.89712838605,-6.08103711663
frandef,,øː,3,37,63.0,423.0,-11.3855555556,-4.69964385855
frandef,,ɑː,3,12,63.0,423.0,-8.367058551469999,-5.386160208034999
frandef,,ʉ̟ː,3,13,63.0,423.0,-11.7640607049,-3.866413308665
frillesas,,eː,2,10,58.0,470.0,-13.4159642085,-4.88417038027
frillesas,,oː,2,16,58.0,470.0,-6.510982626580001,-4.471553952695
frillesas,,uː,2,7,58.0,470.0,-7.14274189689,-4.364315672595
frillesas,,yː,2,12,58.0,470.0,-11.8394206442,-4.5334053568075
frillesas,,æː,2,20,58.0,470.0,-11.9691641891,-6.284692360319999
frillesas,,øː,2,30,58.0,470.0,-10.2138144140975,-5.2924390366475
frillesas,,ɑː,2,10,58.0,470.0,-7.522384783654999,-5.551150805424999
frillesas,,ʉ̟ː,2,9,58.0,470.0,-11.181568074849999,-4.58042365136
grangarde,,eː,1,10,119.0,354.0,-13.5023999008,-5.57158540286
grangarde,,oː,1,4,119.0,354.0,-6.55491380734,-5.3543177877999995
grangarde,,uː,1,4,119.0,354.0,-6.08833341946,-3.9892277103
grangarde,,yː,1,4,119.0,354.0,-13.8353301551,-4.86212574736
grangarde,,æː,1,5,119.0,354.0,-12.7854956343,-6.43574018127
grangarde,,øː,1,10,119.0,354.0,-11.762036340249999,-5.57566587864
grangarde,,ɑː,1,4,119.0,354.0,-7.48615164521,-6.0661282682949995
grangarde,,ʉ̟ː,1,4,119.0,354.0,-12.0120880848,-5.08232145949
graso,,eː,3,24,189.0,350.0,-12.8709892931,-4.51214581607
graso,,oː,3,12,189.0,350.0,-6.75279223196,-4.08919160559
graso,,uː,3,11,189.0,350.0,-6.73104166667,-3.653117606135
graso,,yː,3,11,189.0,350.0,-12.8852510834,-3.8572897255800003
graso,,æː,3,11,189.0,350.0,-12.866382288250001,-5.473123407645
graso,,øː,3,31,189.0,350.0,-10.8066195524,-5.64072270228
graso,,ɑː,3,10,189.0,350.0,-7.8389961579600005,-5.365491752745
graso,,ʉ̟ː,3,10,189.0,350.0,-11.5194382022,-3.942717562145
hammaro,,eː,3,20,90.0,391.0,-12.6224039279,-4.72643150123
hammaro,,oː,3,13,90.0,391.0,-7.89385584325,-4.70873563218
hammaro,,uː,3,10,90.0,391.0,-7.63287437899,-3.92883028499
hammaro,,yː,3,12,90.0,391.0,-12.6525103734,-4.2751385197800005
hammaro,,æː,3,14,90.0,391.0,-11.5731430171,-6.27706059008
hammaro,,øː,3,37,90.0,391.0,-10.2886368028,-5.42777777778
hammaro,,ɑː,3,11,90.0,391.0,-8.39751759456,-5.7455693535000005
hammaro,,ʉ̟ː,3,11,90.0,391.0,-11.677325898549999,-4.34861435726
hamneda,,eː,3,14,93.0,496.0,-12.88695785565,-4.50306489954
hamneda,,oː,3,16,93.0,496.0,-8.03430555556,-4.92786672085
hamneda,,uː,3,14,93.0,496.0,-8.27191226868,-4.38516666667
hamneda,,yː,3,14,93.0,496.0,-12.67537748055,-3.92384811452
hamneda,,æː,3,27,93.0,496.0,-12.2298395722,-5.75359375
hamneda,,øː,3,48,93.0,496.0,-11.5360033286,-4.9148435976
hamneda,,ɑː,3,14,93.0,496.0,-8.54540668242,-5.67309803922
hamneda,,ʉ̟ː,3,14,93.0,496.0,-11.5957327742,-3.89073711121
haraker,,eː,3,24,149.0,373.0,-11.959735722249999,-5.00538555889
haraker,,oː,3,14,149.0,373.0,-6.97501305336,-4.36199162966
haraker,,uː,3,12,149.0,373.0,-6.517204853825,-3.4748147445099997
haraker,,yː,3,12,149.0,373.0,-12.5060550459,-4.07051667467
haraker,,æː,3,13,149.0,373.0,-10.394941695149999,-6.5545886124349995
haraker,,øː,3,38,149.0,373.0,-10.3177885784,-5.15958199357
haraker,,ɑː,3,12,149.0,373.0,-7.64914438644,-5.427511802165
haraker,,ʉ̟ː,3,15,149.0,373.0,-10.7011088052,-3.94782830429
houtskar,,eː,1,8,245.0,347.0,-12.600682941199999,-5.563067033359999
houtskar,,oː,1,4,245.0,347.0,-7.89374554594,-5.03531195295
houtskar,,uː,1,4,245.0,347.0,-7.066980978109999,-3.649677111955
houtskar,,yː,1,3,245.0,347.0,-13.3340527223,-3.87164179104
houtskar,,æː,1,4,245.0,347.0,-12.10474745545,-6.42449201752
houtskar,,øː,1,12,245.0,347.0,-12.0990255143,-5.1638247452799995
houtskar,,ɑː,1,5,245.0,347.0,-10.0465739883,-6.28471841705
houtskar,,ʉ̟ː,1,4,245.0,347.0,-10.1262950419,-4.412042807700001
jamshog,,eː,3,14,108.0,514.0,-13.3515378546,-4.54815550041
jamshog,,oː,3,15,108.0,514.0,-8.56334457181,-5.67309803922
jamshog,,uː,3,26,108.0,514.0,-9.56106904232,-4.0517428088
jamshog,,yː,3,19,108.0,514.0,-11.3771072036,-4.07991550486
jamshog,,æː,3,35,108.0,514.0,-12.1178199999,-5.65692307692
jamshog,,øː,3,55,108.0,514.0,-9.858875,-4.47601659751
jamshog,,ɑː,3,15,108.0,514.0,-10.0315151515,-6.43574018127
jamshog,,ʉ̟ː,3,19,108.0,514.0,-11.08184310245,-3.8524117353
jarnboas,,eː,3,24,117.0,378.0,-13.2270614225,-4.084555503935
jarnboas,,oː,3,13,117.0,378.0,-6.78051875783,-4.16400673401
jarnboas,,uː,3,11,117.0,378.0,-8.4460825289,-4.103171373775
jarnboas,,yː,3,13,117.0,378.0,-11.895216055,-4.10333726955
jarnboas,,æː,3,14,117.0,378.0,-11.1974512055,-5.54298342541
jarnboas,,øː,3,41,117.0,378.0,-10.921866874100001,-5.05722132472
jarnboas,,ɑː,3,13,117.0,378.0,-7.9515530045,-5.44431403648
jarnboas,,ʉ̟ː,3,12,117.0,378.0,-10.83786036715,-4.1960212635800005
jarsnas,,eː,3,12,113.0,452.0,-12.63297855605,-4.1449821426549995
jarsnas,,oː,3,13,113.0,452.0,-7.02102621483,-4.24746331237
jarsnas,,uː,3,14,113.0,452.0,-7.46590461726,-4.02349851758
jarsnas,,yː,3,12,113.0,452.0,-12.1352893674,-4.02349851758
jarsnas,,æː,3,29,113.0,452.0,-11.7238781163,-5.88108695652
jarsnas,,øː,3,35,113.0,452.0,-10.5141434143,-4.91050020333
jarsnas,,ɑː,3,14,113.0,452.0,-8.12257083621,-5.155144644125
jarsnas,,ʉ̟ː,3,12,113.0,452.0,-11.07524317255,-4.270486731565
karna,,eː,3,16,53.0,448.0,-12.90230055865,-4.853855389595
karna,,oː,3,15,53.0,448.0,-7.718354072625,-4.906132057495
karna,,uː,3,15,53.0,448.0,-7.97073170732,-4.54815550041
karna,,yː,3,14,53.0,448.0,-11.646820746700001,-4.21971452561
karna,,æː,3,32,53.0,448.0,-12.1124076571,-5.801577582729999
karna,,øː,3,51,53.0,448.0,-10.6128061529,-5.4484431855
karna,,ɑː,3,15,53.0,448.0,-8.5513900135,-5.55933753943
karna,,ʉ̟ː,3,15,53.0,448.0,-11.8596926454,-4.33029239766
karsta,,eː,3,30,186.0,377.0,-13.1562237762,-4.10798135125
karsta,,oː,3,13,186.0,377.0,-6.62133931912,-4.4260661062699995
karsta,,uː,3,17,186.0,377.0,-7.11603209336,-4.01406779661
karsta,,yː,3,16,186.0,377.0,-13.3436139833,-3.34346573549
karsta,,æː,3,15,186.0,377.0,-12.3379464049,-5.09993688412
karsta,,øː,3,44,186.0,377.0,-11.687487789199999,-4.80570494483
karsta,,ɑː,3,14,186.0,377.0,-7.97710902125,-5.30709286203
karsta,,ʉ̟ː,3,13,186.0,377.0,-11.7520486591,-3.84293766012
korsberga,,eː,3,17,100.0,432.0,-13.4946958637,-4.07991550486
korsberga,,oː,3,14,100.0,432.0,-6.92545119705,-4.407835424125
korsberga,,uː,3,14,100.0,432.0,-6.882573406625,-3.93833333333
korsberga,,yː,3,16,100.0,432.0,-13.0804019091,-3.5467968179750002
korsberga,,æː,3,31,100.0,432.0,-11.68951002985,-6.254002217769999
korsberga,,øː,3,48,100.0,432.0,-11.364397462300001,-4.67325657895
korsberga,,ɑː,3,16,100.0,432.0,-7.6360832085000006,-5.6326129666
korsberga,,ʉ̟ː,3,15,100.0,432.0,-11.3384875327,-3.654250222565
kramfors,,eː,3,8,173.0,248.0,-13.1660494135,-4.64657060519
kramfors,,oː,3,12,173.0,248.0,-7.69223912274,-4.55713931377
kramfors,,uː,3,7,173.0,248.0,-7.5197001071,-3.95731520816
kramfors,,yː,3,9,173.0,248.0,-12.875,-4.06114164905
kramfors,,æː,3,18,173.0,248.0,-12.23167526275,-5.87664615522
kramfors,,øː,3,25,173.0,248.0,-11.4820275979,-5.04006467259
kramfors,,ɑː,3,9,173.0,248.0,-8.00257391304,-5.6892476489
kramfors,,ʉ̟ː,3,9,173.0,248.0,-11.5318664047,-3.70800687285
kyrkslatt,,eː,3,13,310.0,347.0,-13.134859419049999,-4.966199343655
kyrkslatt,,oː,3,14,310.0,347.0,-7.53308597931,-5.00566801619
kyrkslatt,,uː,3,14,310.0,347.0,-6.1313803681,-3.32342507645
kyrkslatt,,yː,3,13,310.0,347.0,-12.3305441996,-3.58123575796
kyrkslatt,,æː,3,27,310.0,347.0,-13.3212823674,-4.89310541311
kyrkslatt,,øː,3,38,310.0,347.0,-11.79002655985,-4.9061462024899996
kyrkslatt,,ɑː,3,12,310.0,347.0,-9.437758226425,-6.04603773585
kyrkslatt,,ʉ̟ː,3,13,310.0,347.0,-9.172450225165,-3.517287940315
lanna,,eː,2,15,161.0,393.0,-12.413993656999999,-4.47600534465
lanna,,oː,2,11,161.0,393.0,-7.113326960709999,-4.2032090459875
lanna,,uː,2,8,161.0,393.0,-7.6335303390775,-3.928659258515
lanna,,yː,2,8,161.0,393.0,-12.62065883475,-3.8128030907275
lanna,,æː,2,8,161.0,393.0,-10.6840073153,-6.5085020510425
lanna,,øː,2,22,161.0,393.0,-9.903301388025,-5.435783527605
lanna,,ɑː,2,9,161.0,393.0,-8.4321291197475,-5.525867086145
lanna,,ʉ̟ː,2,8,161.0,393.0,-11.270097267925,-4.2008131756400005
leksand,,eː,2,15,120.0,335.0,-13.207401543175,-4.6566663739225
leksand,,oː,2,8,120.0,335.0,-7.15425764484,-4.6013482669325
leksand,,uː,2,8,120.0,335.0,-7.477117897275,-4.1132240299725
leksand,,yː,2,8,120.0,335.0,-13.150885895975,-3.5024331026874997
leksand,,æː,2,8,120.0,335.0,-12.345013250225001,-6.15766791001
leksand,,øː,2,25,120.0,335.0,-11.097774174000001,-5.239428334034999
leksand,,ɑː,2,7,120.0,335.0,-8.0141204530475,-5.7675528718825
leksand,,ʉ̟ː,2,8,120.0,335.0,-11.444998067775,-3.7366224242575
loderup,,eː,3,12,98.0,543.0,-12.0278708977,-6.06160831089
loderup,,oː,3,13,98.0,543.0,-10.6640713224,-5.98351487061
loderup,,uː,3,15,98.0,543.0,-11.5605891313,-5.07435028249
loderup,,yː,3,12,98.0,543.0,-11.3347212742,-5.0142776204
loderup,,æː,3,23,98.0,543.0,-10.958666453149998,-6.375466121135
loderup,,øː,3,36,98.0,543.0,-10.1512093309,-6.077142995245
loderup,,ɑː,3,12,98.0,543.0,-8.25948474777,-6.23131629149
loderup,,ʉ̟ː,3,13,98.0,543.0,-10.49519406235,-4.73526855269
malung,,eː,3,25,96.0,337.0,-13.2892459827,-4.23822147651
malung,,oː,3,15,96.0,337.0,-7.15091372406,-4.26592375367
malung,,uː,3,15,96.0,337.0,-7.908684922885,-3.58123575796
malung,,yː,3,11,96.0,337.0,-13.0638028169,-3.40337831955
malung,,æː,3,9,96.0,337.0,-13.507251388850001,-4.58398706595
malung,,øː,3,44,96.0,337.0,-11.739934383000001,-4.45790697674
malung,,ɑː,3,15,96.0,337.0,-8.02796804446,-5.64882606989
malung,,ʉ̟ː,3,13,96.0,337.0,-11.039648626950001,-3.4132250791
n_rorum,,eː,2,9,84.0,522.0,-12.765499057500001,-4.867156710374999
n_rorum,,oː,2,11,84.0,522.0,-10.14474155752,-4.88366622991
n_rorum,,uː,2,9,84.0,522.0,-11.04601336705,-4.451797829305
n_rorum,,yː,2,9,84.0,522.0,-12.457685423825,-4.34620848319
n_rorum,,æː,2,19,84.0,522.0,-11.838660121724999,-5.7651988569
n_rorum,,øː,2,27,84.0,522.0,-10.7767560849,-4.94317738972
n_rorum,,ɑː,2,10,84.0,522.0,-8.70219895042,-5.310630461925
n_rorum,,ʉ̟ː,2,9,84.0,522.0,-11.096593521575,-4.004524184745
narpes,,eː,3,13,237.0,258.0,-10.8066195524,-6.49917907567
narpes,,oː,3,11,237.0,258.0,-6.81071507966,-4.29355648536
narpes,,uː,3,11,237.0,258.0,-7.78383667723,-4.416776694125
narpes,,yː,3,12,237.0,258.0,-12.2223210913,-4.69987315709
narpes,,æː,3,25,237.0,258.0,-13.0637618521,-4.691010682
narpes,,øː,3,25,237.0,258.0,-12.3637923729,-4.366158831125
narpes,,ɑː,3,11,237.0,258.0,-9.000242664735001,-5.84521602237
narpes,,ʉ̟ː,3,10,237.0,258.0,-10.3274802672,-4.93653939886
nora,,eː,3,30,160.0,357.0,-11.61828125,-4.85819869707
nora,,oː,3,13,160.0,357.0,-6.96761811243,-3.98571156766
nora,,uː,3,14,160.0,357.0,-8.435511988984999,-3.57144338807
nora,,yː,3,12,160.0,357.0,-10.7425665287,-3.33344978166
nora,,æː,3,16,160.0,357.0,-11.7036893204,-5.71342465753
nora,,øː,3,33,160.0,357.0,-10.9822998544,-5.214608538525001
nora,,ɑː,3,16,160.0,357.0,-8.36400954654,-5.55116370809
nora,,ʉ̟ː,3,12,160.0,357.0,-12.0080075889,-3.64379814745
nysatra,,eː,3,18,228.0,188.0,-12.37667726505,-5.0914516129
nysatra,,oː,3,15,228.0,188.0,-7.08803506209,-4.691010682
nysatra,,uː,3,15,228.0,188.0,-7.38478245236,-3.82376068376
nysatra,,yː,3,13,228.0,188.0,-13.070447461,-4.15469473684
nysatra,,æː,3,28,228.0,188.0,-11.5463369424,-6.4729597369850005
nysatra,,øː,3,43,228.0,188.0,-11.3452724853,-5.15108966626
nysatra,,ɑː,3,13,228.0,188.0,-8.52743243243,-5.877119850790001
nysatra,,ʉ̟ː,3,15,228.0,188.0,-11.7198448324,-3.94782830429
ockelbo,,eː,3,14,156.0,328.0,-12.90648418585,-4.67325657895
ockelbo,,oː,3,15,156.0,328.0,-7.16483084758,-4.3669057548
ockelbo,,uː,3,16,156.0,328.0,-7.021067606075,-4.03292125318
ockelbo,,yː,3,15,156.0,328.0,-12.768146053,-3.76603256213
ockelbo,,æː,3,30,156.0,328.0,-11.599784692850001,-6.341412787145
ockelbo,,øː,3,41,156.0,328.0,-11.1016060081,-5.33635711439
ockelbo,,ɑː,3,15,156.0,328.0,-8.64657718121,-5.61637436099
ockelbo,,ʉ̟ː,3,15,156.0,328.0,-11.7560641238,-3.79493367565
orust,,eː,3,13,49.0,436.0,-13.7088038278,-4.43068229316
orust,,oː,3,14,49.0,436.0,-6.93969819654,-4.53916425321
orust,,uː,3,15,49.0,436.0,-7.39827371614,-4.0563627290349995
orust,,yː,3,12,49.0,436.0,-11.6387071608,-4.10801687764
orust,,æː,3,25,49.0,436.0,-12.7542261689,-5.23991233032
orust,,øː,3,41,49.0,436.0,-11.6223709902,-4.875668075489999
orust,,ɑː,3,17,49.0,436.0,-7.72505649718,-5.30657834311
orust,,ʉ̟ː,3,12,49.0,436.0,-12.0007608696,-3.9142678128800004
ossjo,,eː,3,15,74.0,515.0,-13.17539093325,-4.60194719472
ossjo,,oː,3,16,74.0,515.0,-9.18022779043,-4.58404624277
ossjo,,uː,3,16,74.0,515.0,-11.3601817149,-3.708002707955
ossjo,,yː,3,14,74.0,515.0,-13.00190534415,-3.871637716075
ossjo,,æː,3,33,74.0,515.0,-12.20914487145,-6.16223583461
ossjo,,øː,3,45,74.0,515.0,-10.90396455745,-4.54812204802
ossjo,,ɑː,3,21,74.0,515.0,-8.51542934415,-5.20194143602
ossjo,,ʉ̟ː,3,15,74.0,515.0,-11.084048583,-3.45306689835
ostad,,eː,2,8,63.0,445.0,-12.982326203875001,-4.63120530282
ostad,,oː,2,10,63.0,445.0,-7.443970726825,-4.39428571429
ostad,,uː,2,9,63.0,445.0,-7.81123904651,-4.2475870903375
ostad,,yː,2,8,63.0,445.0,-11.414641155175,-4.06529558267
ostad,,æː,2,17,63.0,445.0,-12.26710575245,-5.860383320312501
ostad,,øː,2,25,63.0,445.0,-10.849124891575,-4.999946204925
ostad,,ɑː,2,11,63.0,445.0,-8.159912675792501,-5.5734928257
ostad,,ʉ̟ː,2,9,63.0,445.0,-11.79540462065,-3.78137189311
ovanaker,,eː,3,15,140.0,310.0,-12.7053164557,-4.31193979933
ovanaker,,oː,3,15,140.0,310.0,-6.76008915305,-4.57508467575
ovanaker,,uː,3,15,140.0,310.0,-6.06160831089,-3.81415989739
ovanaker,,yː,3,15,140.0,310.0,-12.2373490112,-3.64968130922
ovanaker,,æː,3,30,140.0,310.0,-11.7660795172,-5.76941750028
ovanaker,,øː,3,43,140.0,310.0,-10.910709419349999,-5.14259050684
ovanaker,,ɑː,3,15,140.0,310.0,-7.59308677098,-5.4112152502
ovanaker,,ʉ̟ː,3,15,140.0,310.0,-11.4569816643,-3.7756745182
oxaback,,eː,3,14,71.0,468.0,-13.1431,-4.63766062603
oxaback,,oː,3,13,71.0,468.0,-6.971567240755,-4.56611570248
oxaback,,uː,3,14,71.0,468.0,-7.13,-4.08929054054
oxaback,,yː,3,15,71.0,468.0,-13.11841192655,-4.07053254438
oxaback,,æː,3,27,71.0,468.0,-11.916823971300001,-5.83737753596
oxaback,,øː,3,40,71.0,468.0,-11.3728794326,-4.68656668783
oxaback,,ɑː,3,13,71.0,468.0,-7.93877612502,-5.43187410238
oxaback,,ʉ̟ː,3,13,71.0,468.0,-10.8156612715,-3.924050438345
pitea,,eː,3,15,233.0,141.0,-12.7577148739,-4.70390609537
pitea,,oː,3,15,233.0,141.0,-7.13,-4.60194719472
pitea,,uː,3,15,233.0,141.0,-7.571647350725,-4.26590829913
pitea,,yː,3,16,233.0,141.0,-12.7941268585,-3.82374427916
pitea,,æː,3,30,233.0,141.0,-11.7640706744,-6.476871352645
pitea,,øː,3,47,233.0,141.0,-11.634616294299999,-4.98410560537
pitea,,ɑː,3,16,233.0,141.0,-8.07223839224,-5.92848954299
pitea,,ʉ̟ː,3,16,233.0,141.0,-11.8000881786,-3.91931914894
ragunda,,eː,3,15,145.0,241.0,-12.8475869121,-4.95386363636
ragunda,,oː,3,15,145.0,241.0,-7.43222381636,-4.7881390593
ragunda,,uː,3,14,145.0,241.0,-8.759281232300001,-4.302102285369999
ragunda,,yː,3,15,145.0,241.0,-13.1266583229,-4.29355648536
ragunda,,æː,3,28,145.0,241.0,-11.5525336323,-5.89691233514
ragunda,,øː,3,44,145.0,241.0,-10.4524096386,-5.51840379297
ragunda,,ɑː,3,15,145.0,241.0,-7.82929775281,-5.36969359331
ragunda,,ʉ̟ː,3,15,145.0,241.0,-11.2276940705,-4.20117647059
ref,,eː,1,1,185.0,379.0,-14.0510961136,-4.35776387151
ref,,oː,1,1,185.0,379.0,-6.76733754177,-4.50312474099
ref,,uː,1,1,185.0,379.0,-6.01482452757,-3.64968130922
ref,,yː,1,1,185.0,379.0,-13.1266583229,-3.33344978166
ref,,æː,1,1,185.0,379.0,-10.146257292,-6.86825267824
ref,,øː,1,1,185.0,379.0,-9.91512924323,-5.41949980151
ref,,ɑː,1,1,185.0,379.0,-8.11629450398,-5.97567233385
ref,,ʉ̟ː,1,1,185.0,379.0,-9.858875,-2.83171798304
rimforsa,,eː,3,13,134.0,437.0,-12.7750912362,-4.51214581607
rimforsa,,oː,3,13,134.0,437.0,-7.1749769865449995,-4.284214543345
rimforsa,,uː,3,15,134.0,437.0,-7.88742037102,-4.56611570248
rimforsa,,yː,3,13,134.0,437.0,-12.2463439437,-4.316529866235
rimforsa,,æː,3,31,134.0,437.0,-11.5772579743,-6.11198743189
rimforsa,,øː,3,44,134.0,437.0,-10.0716101172,-5.62449685535
rimforsa,,ɑː,3,15,134.0,437.0,-8.11629450398,-5.41949980151
rimforsa,,ʉ̟ː,3,17,134.0,437.0,-11.624312119399999,-4.39884144166
s_finnskoga,,eː,3,26,74.0,333.0,-12.5492298391,-4.39428571429
s_finnskoga,,oː,3,14,74.0,333.0,-7.112429182335,-4.533882870815
s_finnskoga,,uː,3,13,74.0,333.0,-5.927973623554999,-3.65452706711
s_finnskoga,,yː,3,12,74.0,333.0,-13.148019364949999,-3.926500784835
s_finnskoga,,æː,3,12,74.0,333.0,-13.047161084799999,-6.01019154222
s_finnskoga,,øː,3,39,74.0,333.0,-11.3389707137,-5.14258708665
s_finnskoga,,ɑː,3,13,74.0,333.0,-7.54254050233,-5.660962054555
s_finnskoga,,ʉ̟ː,3,12,74.0,333.0,-11.59352960565,-4.06500337779
s_mellosa,,eː,3,20,129.0,395.0,-13.9877763239,-4.0611376765900005
s_mellosa,,oː,3,10,129.0,395.0,-6.72739856014,-4.06114164905
s_mellosa,,uː,3,10,129.0,395.0,-8.53342789598,-4.28435328589
s_mellosa,,yː,3,12,129.0,395.0,-12.43888184545,-3.99514628639
s_mellosa,,æː,3,10,129.0,395.0,-12.3231341301,-5.94424148607
s_mellosa,,øː,3,33,129.0,395.0,-10.8155005506,-5.61637436099
s_mellosa,,ɑː,3,10,129.0,395.0,-8.22240549828,-5.5019849743
s_mellosa,,ʉ̟ː,3,10,129.0,395.0,-11.6672080089,-4.14537489469
saltvik,,eː,3,21,221.0,350.0,-12.310147300699999,-4.9538320227699995
saltvik,,oː,3,9,221.0,350.0,-6.84671597633,-4.40339716903
saltvik,,uː,3,10,221.0,350.0,-6.1929969419,-3.67888172043
saltvik,,yː,3,10,221.0,350.0,-12.922701174,-4.07053254438
saltvik,,æː,3,10,221.0,350.0,-11.3982101388,-6.57711286089
saltvik,,øː,3,30,221.0,350.0,-9.65627333122,-5.24413130504
saltvik,,ɑː,3,10,221.0,350.0,-8.19754989677,-5.71342465753
saltvik,,ʉ̟ː,3,10,221.0,350.0,-8.687262040535,-3.7467238422
segerstad,,eː,3,12,153.0,510.0,-13.177477581849999,-4.62874330449
segerstad,,oː,3,13,153.0,510.0,-7.28201334922,-4.43068607069
segerstad,,uː,3,13,153.0,510.0,-7.40062681593,-4.177137906435
segerstad,,yː,3,13,153.0,510.0,-13.113422415350001,-3.58074019836
segerstad,,æː,3,26,153.0,510.0,-11.59164192135,-5.55933753943
segerstad,,øː,3,42,153.0,510.0,-11.494518852,-4.71758719737
segerstad,,ɑː,3,12,153.0,510.0,-8.27808153477,-5.21883767535
segerstad,,ʉ̟ː,3,13,153.0,510.0,-11.60585986285,-4.032347021815
skee,,eː,3,13,42.0,404.0,-12.697187753849999,-4.371358635455
skee,,oː,3,13,42.0,404.0,-6.43574018127,-3.56162559447
skee,,uː,3,19,42.0,404.0,-6.12365170694,-3.4332173913
skee,,yː,3,13,42.0,404.0,-11.65693968135,-3.707990213265
skee,,æː,3,27,42.0,404.0,-12.1808317682,-5.31964898285
skee,,øː,3,38,42.0,404.0,-11.2578048455,-4.68657398054
skee,,ɑː,3,14,42.0,404.0,-7.62625488108,-5.08290439693
skee,,ʉ̟ː,3,13,42.0,404.0,-11.236035198949999,-3.5959412765499996
skinnskatteberg,,eː,2,19,135.0,371.0,-11.387222167125,-4.67017630667
skinnskatteberg,,oː,2,9,135.0,371.0,-7.423713238165,-4.32942804535
skinnskatteberg,,uː,2,8,135.0,371.0,-8.98171731884,-3.5185948876
skinnskatteberg,,yː,2,9,135.0,371.0,-10.279121829705,-3.50867969809
skinnskatteberg,,æː,2,9,135.0,371.0,-10.27595612355,-5.7021790394825
skinnskatteberg,,øː,2,28,135.0,371.0,-10.519446107275,-5.0013737989125
skinnskatteberg,,ɑː,2,10,135.0,371.0,-8.565565258615,-5.366384259745001
skinnskatteberg,,ʉ̟ː,2,9,135.0,371.0,-11.1453780938,-3.745710126545
skog,,eː,3,15,157.0,317.0,-12.9294918699,-4.65547325103
skog,,oː,3,14,157.0,317.0,-7.26856729378,-4.63766062603
skog,,uː,3,15,157.0,317.0,-6.65071348524,-4.15469473684
skog,,yː,3,15,157.0,317.0,-13.070447461,-4.28435328589
skog,,æː,3,30,157.0,317.0,-11.685464426,-6.02650390156
skog,,øː,3,44,157.0,317.0,-11.279257779,-5.21883767535
skog,,ɑː,3,15,157.0,317.0,-7.86808689559,-5.43604918683
skog,,ʉ̟ː,3,15,157.0,317.0,-11.6712705032,-4.25669740151
skuttunge,,eː,2,16,171.0,364.0,-12.149232599125,-4.824973657927499
skuttunge,,oː,2,8,171.0,364.0,-7.0507541857775,-3.9062500440525003
skuttunge,,uː,2,7,171.0,364.0,-7.405961742865,-3.10253282056
skuttunge,,yː,2,6,171.0,364.0,-12.89134554045,-3.512370545095
skuttunge,,æː,2,7,171.0,364.0,-12.37150979855,-5.54659020547
skuttunge,,øː,2,26,171.0,364.0,-10.881349729450001,-5.082900947695
skuttunge,,ɑː,2,8,171.0,364.0,-8.610117947407499,-5.3048311182
skuttunge,,ʉ̟ː,2,8,171.0,364.0,-11.4859953781,-3.77688330361
sorsele,,eː,4,10,166.0,143.0,-12.657414307100002,-4.89310187038
sorsele,,oː,4,8,166.0,143.0,-10.249114750579999,-4.914525718915
sorsele,,uː,4,10,166.0,143.0,-7.27321836457,-4.01637353051
sorsele,,yː,4,9,166.0,143.0,-13.046781793325,-4.01144853949
sorsele,,æː,4,20,166.0,143.0,-11.4446668139,-6.5935919286225
sorsele,,øː,4,27,166.0,143.0,-11.665136521425,-5.25885557338
sorsele,,ɑː,4,9,166.0,143.0,-8.254406423685001,-6.1852435929350005
sorsele,,ʉ̟ː,4,9,166.0,143.0,-12.00798590685,-3.8860213280525002
sorunda,,eː,2,15,181.0,406.0,-13.5564385297,-4.3611604838449995
sorunda,,oː,2,8,181.0,406.0,-7.1709976151175,-4.0158641101875
sorunda,,uː,2,8,181.0,406.0,-8.0569872708575,-3.879233911745
sorunda,,yː,2,8,181.0,406.0,-12.518290840475,-3.6980571638725
sorunda,,æː,2,8,181.0,406.0,-11.86185119615,-6.5510187614625
sorunda,,øː,2,23,181.0,406.0,-10.952781279924999,-5.759170059625
sorunda,,ɑː,2,8,181.0,406.0,-8.192447845370001,-5.76850234477
sorunda,,ʉ̟ː,2,7,181.0,406.0,-11.413273554775,-4.0947738735425006
sproge,,eː,1,3,190.0,475.0,-12.3601059603,-4.57508467575
sproge,,oː,1,7,190.0,475.0,-7.24101449275,-4.13604719764
sproge,,uː,1,4,190.0,475.0,-7.627656703745,-4.42614170423
sproge,,yː,1,3,190.0,475.0,-12.56,-3.61062985332
sproge,,æː,1,8,190.0,475.0,-12.30821034085,-4.55710590284
sproge,,øː,1,9,190.0,475.0,-11.0399767981,-4.52115942029
sproge,,ɑː,1,4,190.0,475.0,-8.631552147245,-5.612303524095
sproge,,ʉ̟ː,1,4,190.0,475.0,-10.407810202,-3.756345096715
st_anna,,eː,4,15,157.0,436.0,-13.43540922355,-4.142667192939999
st_anna,,oː,4,17,157.0,436.0,-6.89435933026,-4.3160913184075
st_anna,,uː,4,17,157.0,436.0,-7.7449137024675,-4.34859907623
st_anna,,yː,4,14,157.0,436.0,-12.84066321005,-4.145373167355
st_anna,,æː,4,32,157.0,436.0,-11.7075421637,-5.942221506285
st_anna,,øː,4,33,157.0,436.0,-10.063393531185,-5.6203014831499996
st_anna,,ɑː,4,16,157.0,436.0,-8.099793652662498,-5.433395554425
st_anna,,ʉ̟ː,4,15,157.0,436.0,-11.823837365974999,-4.3272935720375
stenberga,,eː,3,14,128.0,474.0,-14.1694676193,-4.51214581607
stenberga,,oː,3,20,128.0,474.0,-7.3915744069,-4.28435328589
stenberga,,uː,3,13,128.0,474.0,-7.90028681357,-4.09865766146
stenberga,,yː,3,14,128.0,474.0,-12.3785185185,-4.08929054054
stenberga,,æː,3,29,128.0,474.0,-12.8988948307,-5.47714824264
stenberga,,øː,3,42,128.0,474.0,-11.2706883748,-4.70873563218
stenberga,,ɑː,3,14,128.0,474.0,-8.09114572516,-5.737544957
stenberga,,ʉ̟ː,3,14,128.0,474.0,-11.343216530500001,-3.79493367565
storsjo,,eː,3,16,87.0,251.0,-13.624026975,-4.78812467872
storsjo,,oː,3,15,87.0,251.0,-7.1995352215,-4.91918699187
storsjo,,uː,3,13,87.0,251.0,-7.41869346734,-4.3118783679099995
storsjo,,yː,3,14,87.0,251.0,-13.535008489,-3.85251387111
storsjo,,æː,3,29,87.0,251.0,-11.77899863695,-6.3112949165500005
storsjo,,øː,3,38,87.0,251.0,-9.345521327985,-4.65547325103
storsjo,,ɑː,3,14,87.0,251.0,-7.90028681357,-5.4772264899
storsjo,,ʉ̟ː,3,14,87.0,251.0,-11.6059983245,-4.01805600295
strom,,eː,3,17,132.0,211.0,-13.3595180723,-4.43976724855
strom,,oː,3,16,132.0,211.0,-6.9681293642,-4.592985636845
strom,,uː,3,16,132.0,211.0,-6.29992395437,-3.8853308211249997
strom,,yː,3,15,132.0,211.0,-13.52108122605,-3.69695558586
strom,,æː,3,34,132.0,211.0,-11.8020496856,-6.034325273795
strom,,øː,3,49,132.0,211.0,-9.38102294914,-4.78374219741
strom,,ɑː,3,16,132.0,211.0,-7.97073170732,-5.52660347551
strom,,ʉ̟ː,3,17,132.0,211.0,-11.8864938922,-3.571426424275
tjallmo,,eː,3,11,128.0,416.0,-13.8485829193,-4.18708747406
tjallmo,,oː,3,11,128.0,416.0,-6.62133931912,-3.98572761986
tjallmo,,uː,3,12,128.0,416.0,-7.080858992095,-4.02798643481
tjallmo,,yː,3,11,128.0,416.0,-12.9683592126,-4.070528576955
tjallmo,,æː,3,20,128.0,416.0,-11.908989202099999,-5.59195567732
tjallmo,,øː,3,26,128.0,416.0,-10.225126795,-5.4690562503599995
tjallmo,,ɑː,3,10,128.0,416.0,-7.868077853865,-5.510194383635
tjallmo,,ʉ̟ː,3,11,128.0,416.0,-11.35297896315,-4.275003461635
torhamn,,eː,3,12,135.0,521.0,-13.5241573813,-4.561516207005001
torhamn,,oː,3,12,135.0,521.0,-7.32343434343,-4.51214581607
torhamn,,uː,3,11,135.0,521.0,-7.147324113575,-4.13121414945
torhamn,,yː,3,13,135.0,521.0,-13.0471619239,-4.0517428088
torhamn,,æː,3,23,135.0,521.0,-12.8852510834,-5.57512265817
torhamn,,øː,3,33,135.0,521.0,-11.5813706294,-5.2103895556849995
torhamn,,ɑː,3,12,135.0,521.0,-8.11315416762,-5.56750492708
torhamn,,ʉ̟ː,3,11,135.0,521.0,-12.4032845537,-3.9002725724
torp,,eː,2,10,145.0,265.0,-12.7904195863,-3.88522506847
torp,,oː,2,10,145.0,265.0,-7.199472328465,-4.425453743515
torp,,uː,2,11,145.0,265.0,-7.0366201522025005,-3.8592816381599997
torp,,yː,2,9,145.0,265.0,-12.574418518875,-3.9156723381275
torp,,æː,2,19,145.0,265.0,-12.327065255575,-5.6683641609999995
torp,,øː,2,28,145.0,265.0,-11.412771902475,-5.4283740423525
torp,,ɑː,2,11,145.0,265.0,-8.393843475845001,-5.5563805749425
torp,,ʉ̟ː,2,9,145.0,265.0,-11.842290504825002,-3.80917196072
torsas,,eː,3,12,144.0,504.0,-12.6877599586,-4.58404624277
torsas,,oː,3,12,144.0,504.0,-7.695497606929999,-4.38060334167
torsas,,uː,3,12,144.0,504.0,-8.09743944637,-3.826999430405
torsas,,yː,3,11,144.0,504.0,-12.38888652895,-3.76603256213
torsas,,æː,3,25,144.0,504.0,-11.279257779,-6.14681992337
torsas,,øː,3,36,144.0,504.0,-11.4965983852,-5.04435556862
torsas,,ɑː,3,11,144.0,504.0,-8.379242139045001,-5.25254901961
torsas,,ʉ̟ː,3,13,144.0,504.0,-11.875504386,-4.00462908012
torso,,eː,3,14,95.0,414.0,-13.4946958637,-3.95731520816
torso,,oː,3,14,95.0,414.0,-6.55492492492,-4.01406779661
torso,,uː,3,14,95.0,414.0,-6.8251314328,-3.81415989739
torso,,yː,3,13,95.0,414.0,-13.3210270186,-3.635051738995
torso,,æː,3,28,95.0,414.0,-12.102715269499999,-5.76538800008
torso,,øː,3,45,95.0,414.0,-11.4192106059,-4.628610977415001
torso,,ɑː,3,14,95.0,414.0,-7.552786509465,-4.96251521298
torso,,ʉ̟ː,3,14,95.0,414.0,-11.691099364500001,-3.9430808188100004
v_vingaker,,eː,3,24,139.0,402.0,-13.0919049038,-4.47148355888
v_vingaker,,oː,3,12,139.0,402.0,-6.889675690944999,-4.191755255005
v_vingaker,,uː,3,13,139.0,402.0,-6.55492492492,-3.87164179104
v_vingaker,,yː,3,13,139.0,402.0,-13.32600315455,-3.99518235793
v_vingaker,,æː,3,12,139.0,402.0,-11.760023046299999,-5.904766806115
v_vingaker,,øː,3,37,139.0,402.0,-10.756324586649999,-5.12557165862
v_vingaker,,ɑː,3,13,139.0,402.0,-7.70532197057,-5.306999315015
v_vingaker,,ʉ̟ː,3,12,139.0,402.0,-11.69758778585,-3.96169229992
vackelsang,,eː,3,13,116.0,500.0,-12.555726541150001,-4.32111993314
vackelsang,,oː,3,12,116.0,500.0,-7.415302373705,-4.480125671210001
vackelsang,,uː,3,14,116.0,500.0,-9.23016223232,-4.475982810874999
vackelsang,,yː,3,16,116.0,500.0,-11.9852230686,-4.325660178435
vackelsang,,æː,3,27,116.0,500.0,-12.2635689517,-5.95581978531
vackelsang,,øː,3,39,116.0,500.0,-11.4192533937,-4.3257061654
vackelsang,,ɑː,3,13,116.0,500.0,-7.948281808685,-5.42777777778
vackelsang,,ʉ̟ː,3,13,116.0,500.0,-11.055430652550001,-4.2563840493
vaxtorp,,eː,3,13,78.0,504.0,-12.5885982282,-5.035388346565
vaxtorp,,oː,3,12,78.0,504.0,-7.479367383515,-4.91048606698
vaxtorp,,uː,3,13,78.0,504.0,-8.88589208871,-4.55713931377
vaxtorp,,yː,3,13,78.0,504.0,-12.8407161125,-4.21044939101
vaxtorp,,æː,3,21,78.0,504.0,-11.9579503952,-6.29992395437
vaxtorp,,øː,3,44,78.0,504.0,-11.2061044177,-5.15108966626
vaxtorp,,ɑː,3,11,78.0,504.0,-7.99621433542,-5.506084807875
vaxtorp,,ʉ̟ː,3,10,78.0,504.0,-12.2765524872,-4.10801687764
vemdalen,,eː,3,14,102.0,266.0,-13.260705849850002,-4.6364710951550006
vemdalen,,oː,3,15,102.0,266.0,-6.90404129794,-4.3669057548
vemdalen,,uː,3,15,102.0,266.0,-6.07715494041,-4.33029239766
vemdalen,,yː,3,15,102.0,266.0,-12.8886646279,-4.16400673401
vemdalen,,æː,3,29,102.0,266.0,-12.1694736842,-5.904812756715
vemdalen,,øː,3,42,102.0,266.0,-9.47552286537,-5.0228802589
vemdalen,,ɑː,3,14,102.0,266.0,-7.59308677098,-5.19348314607
vemdalen,,ʉ̟ː,3,15,102.0,266.0,-10.6964887307,-3.7756745182
viby,,eː,2,15,116.0,402.0,-13.657673962725001,-3.9066386748274997
viby,,oː,2,7,116.0,402.0,-6.74621124399,-4.140229460815
viby,,uː,2,5,116.0,402.0,-8.071762873295,-4.1049570845575
viby,,yː,2,7,116.0,402.0,-12.033413795274999,-3.9262942746125002
viby,,æː,2,7,116.0,402.0,-12.2852834163,-6.228880908055
viby,,øː,2,19,116.0,402.0,-10.888995291699999,-5.966807789904999
viby,,ɑː,2,7,116.0,402.0,-7.8820638481100005,-5.7977033090425
viby,,ʉ̟ː,2,6,116.0,402.0,-11.518589109,-4.404424457415001
vilhelmina,,eː,1,6,152.0,178.0,-13.11295865955,-4.3348671452000005
vilhelmina,,oː,1,5,152.0,178.0,-6.88974169742,-4.27514237856
vilhelmina,,uː,1,5,152.0,178.0,-9.99626898048,-3.82376068376
vilhelmina,,yː,1,5,152.0,178.0,-13.0237941473,-3.67888172043
vilhelmina,,æː,1,11,152.0,178.0,-11.9266539197,-6.03044315992
vilhelmina,,øː,1,16,152.0,178.0,-11.64685138555,-4.5616275081249995
vilhelmina,,ɑː,1,5,152.0,178.0,-7.93237430168,-5.58382040173
vilhelmina,,ʉ̟ː,1,5,152.0,178.0,-11.8952203668,-3.64968130922
villberga,,eː,3,23,166.0,379.0,-13.2209867589,-4.779215750615
villberga,,oː,3,12,166.0,379.0,-6.738268398444999,-4.565878405885
villberga,,uː,3,12,166.0,379.0,-6.2160061092,-3.1261674576400003
villberga,,yː,3,14,166.0,379.0,-13.3090213027,-4.112526852445001
villberga,,æː,3,17,166.0,379.0,-11.8359000184,-5.84141269947
villberga,,øː,3,40,166.0,379.0,-10.838436427049999,-5.36136942675
villberga,,ɑː,3,14,166.0,379.0,-8.150639355165,-5.644736200105
villberga,,ʉ̟ː,3,17,166.0,379.0,-11.2363126253,-4.03292125318
