method,grouping,village,speaker,fit_basis,n_points,n_vowels,missing_vowels,geo_x,geo_y,centroid_x,centroid_y,ellipse_angle_deg,ellipse_angle_from_horizontal_signed_deg,major_axis_sd,minor_axis_sd,axis_ratio,orientation_reliable
pca,village,ankarsrum,,vowels,8,8,,149.0,456.0,-8.458045607158269,-3.371811154562264,167.8623953728205,-12.137604627179513,28.941615108550273,14.795303683884137,1.9561352525717388,1
pca,village,ankarsrum,,midpoints,6,8,,149.0,456.0,-6.922115662345845,-4.651282621624391,169.0998084549235,-10.900191545076495,27.0996237014308,10.43553129341481,2.596860949334858,1
pca,village,anundsjo,,vowels,8,8,,182.0,230.0,-7.9449149319543455,6.863983925072542,169.80097734639034,-10.19902265360966,26.90617543099523,11.906110897872379,2.2598626589143698,1
pca,village,anundsjo,,midpoints,6,8,,182.0,230.0,-6.164249075687711,4.607702242242646,168.81539048051232,-11.18460951948768,24.24565447250376,10.984449206198542,2.207270844205998,1
pca,village,are,,vowels,8,8,,89.0,227.0,3.093480375403485,6.207602756635138,12.76732523688895,12.76732523688895,26.227840971918766,17.60273465916988,1.489986725344165,1
pca,village,are,,midpoints,6,8,,89.0,227.0,3.9492163700192164,4.74456777471454,6.633714076021221,6.633714076021221,23.556965258838062,14.784768035447906,1.5933266725834296,1
pca,village,arjeplog,,vowels,8,8,,171.0,122.0,0.7486357348837984,4.185172747561733,5.074269044316168,5.074269044316168,22.383016733056138,16.26555809219042,1.3760989082694244,1
pca,village,arjeplog,,midpoints,6,8,,171.0,122.0,1.6488389678770057,1.1460340153372994,2.305607406720412,2.305607406720412,19.08048336539478,15.406721386358488,1.2384518994605263,1
pca,village,arstad,,vowels,8,8,,70.0,485.0,7.035733564368266,-1.2892430277116005,170.8968076451734,-9.103192354826604,23.617904173431867,9.975575619591053,2.367573067868747,1
pca,village,arstad,,midpoints,6,8,,70.0,485.0,8.943004517816581,-2.676201667337159,173.97971019184087,-6.020289808159134,21.239069417722312,6.811962640120351,3.1179075018161093,1
pca,village,arsunda,,vowels,8,8,,156.0,343.0,4.650547650400691,-1.25514069648134,178.33059102319095,-1.669408976809052,22.68176673136438,16.087322588165776,1.409915578372851,1
pca,village,arsunda,,midpoints,6,8,,156.0,343.0,6.206050734707067,-2.965454176153552,164.91008013133646,-15.089919868663543,19.75975153516666,13.772686748436188,1.4347056530135829,1
pca,village,asby,,vowels,8,8,,125.0,446.0,-0.4276268161228245,-5.446417014303075,165.03331007772798,-14.966689922272025,27.012379681581386,10.779154590711398,2.5059831412807148,1
pca,village,asby,,midpoints,6,8,,125.0,446.0,1.6053883770117376,-7.011220563561499,167.37496316121693,-12.625036838783075,25.750642263237395,7.615920158927604,3.3811596925752614,1
pca,village,aspas,,vowels,8,8,,112.0,229.0,4.093523752911407,5.595559693355848,7.919699035610989,7.919699035610989,28.272049791220063,18.059039608462157,1.5655345136943086,1
pca,village,aspas,,midpoints,6,8,,112.0,229.0,5.768286385725538,2.9453003389379773,5.386901633601553,5.386901633601553,25.772075678550074,16.067833947469076,1.6039545692846522,1
pca,village,bara,,vowels,8,8,,79.0,539.0,-5.797412331027864,-5.354588247128547,155.1881858831687,-24.8118141168313,17.480246431444293,9.635002328465598,1.8142441315038138,1
pca,village,bara,,midpoints,6,8,,79.0,539.0,-3.283327025519705,-7.193544744480978,152.25890318811435,-27.741096811885654,14.30664921325411,7.912595715998817,1.8080854534659063,1
pca,village,bengtsf,,vowels,8,8,,62.0,401.0,7.470886498499969,6.850876122257341,167.7687120257658,-12.231287974234192,29.94410763496117,12.703369014462265,2.357178446195732,1
pca,village,bengtsf,,midpoints,6,8,,62.0,401.0,8.931852840164924,4.350703055146995,166.65424429142215,-13.345755708577855,26.590888982288252,9.957522347580834,2.670432267596012,1
pca,village,berg,,vowels,8,8,,112.0,252.0,-2.6108415056886276,-0.3379069488661719,4.519687388120644,4.519687388120644,26.96304459760392,17.08947394153471,1.5777574365277693,1
pca,village,berg,,midpoints,6,8,,112.0,252.0,-2.5051327489646638,-3.1854333754197603,179.15613048641578,-0.8438695135842238,24.75014687259399,14.516534612162737,1.7049624813250528,1
pca,village,bjurholm,,vowels,8,8,,197.0,211.0,0.770962718659729,2.037438563994453,154.43216043551743,-25.56783956448257,21.013633723702107,16.03834179568475,1.3102123643078862,1
pca,village,bjurholm,,midpoints,6,8,,197.0,211.0,2.024024372295424,-0.2841184755900213,149.01229374212284,-30.987706257877164,19.260939107143933,14.871848295977221,1.2951274598701994,1
pca,village,boda,,vowels,8,8,,163.0,475.0,-4.207814800788853,-2.66764338251398,3.2253092114707442,3.2253092114707442,25.169645336594673,16.105057499316374,1.5628410726048678,1
pca,village,boda,,midpoints,6,8,,163.0,475.0,-3.6958639577160497,-5.694891920481518,179.03986484772776,-0.9601351522722439,23.41402543886091,13.094837609386413,1.7880348070966285,1
pca,village,borga,,vowels,8,8,,337.0,331.0,13.867079267447677,2.297033353156342,178.08687631914572,-1.9131236808542837,27.440933225318094,16.618202821690403,1.651257570975223,1
pca,village,borga,,midpoints,6,8,,337.0,331.0,14.556725250365858,-0.7916246749415358,3.8260145166304937,3.8260145166304937,22.95922092554472,13.06783414867742,1.7569262560520327,1
pca,village,brando,,vowels,8,8,,237.0,337.0,12.362097598575364,-2.4797670220898853,13.904404875892851,13.904404875892851,26.109595240235894,15.33743518522293,1.7023442919186094,1
pca,village,brando,,midpoints,6,8,,237.0,337.0,13.155632903285884,-4.823519827458976,9.811119079559944,9.811119079559944,22.078581523171636,12.01973520718171,1.8368608910768542,1
pca,village,bredsattra,,vowels,8,8,,158.0,489.0,-8.40983538181202,-0.9727033573815393,175.96767477115714,-4.032325228842865,23.456657451283977,15.99050635136612,1.4669114870949662,1
pca,village,bredsattra,,midpoints,6,8,,158.0,489.0,-7.482582328458158,-3.447928992496809,173.1065974404455,-6.893402559554488,21.473214654287084,14.83522766060751,1.4474475987521007,1
pca,village,broby,,vowels,8,8,,99.0,510.0,-6.883148160315032,3.3081822152043885,162.40193820509,-17.598061794909995,20.685423390821818,11.52735051109573,1.7944646838760496,1
pca,village,broby,,midpoints,6,8,,99.0,510.0,-5.590749167931357,0.8202366902741707,162.80295539051437,-17.19704460948563,18.032438129701003,10.22162845221392,1.7641453330066332,1
pca,village,burseryd,,vowels,8,8,,84.0,478.0,9.80431762531114,3.445490988504547,151.98758980726925,-28.012410192730755,24.37534744339675,14.985375091015417,1.62660909689282,1
pca,village,burseryd,,midpoints,6,8,,84.0,478.0,10.955402212346783,0.1347907292212233,151.90339668575743,-28.09660331424257,22.77376188574353,12.898695731681967,1.7655864096248335,1
pca,village,burtrask,,vowels,8,8,,222.0,177.0,-0.34986522893405514,-1.1886219796810795,8.039107502920302,8.039107502920302,27.811357765287916,15.793349572021825,1.7609537253931355,1
pca,village,burtrask,,midpoints,6,8,,222.0,177.0,-0.11310162267491404,-3.7785641545382394,4.5937098447164715,4.5937098447164715,25.107041224350965,13.836770805658558,1.814515942844368,1
pca,village,dalby,,vowels,8,8,,82.0,336.0,0.9748765666741221,3.8310719310901735,172.02866948010478,-7.9713305198952185,24.39878070388193,14.697661022865839,1.6600451368366438,1
pca,village,dalby,,midpoints,6,8,,82.0,336.0,1.6171423260850224,1.0914270333054512,169.22076706711056,-10.779232932889443,22.247285713395428,12.002225348307418,1.8535967345866233,1
pca,village,dragsfjard,,vowels,8,8,,272.0,350.0,7.436311450233332,7.899055565217491,173.38576161788518,-6.61423838211482,24.617626407353082,14.61114869571108,1.6848522262030827,1
pca,village,dragsfjard,,midpoints,6,8,,272.0,350.0,8.246365500107165,5.1960633748145195,174.3804492896927,-5.619550710307294,21.475051829440755,11.486983034209985,1.869511930633551,1
pca,village,faro,,vowels,8,8,,208.0,445.0,3.355973976726153,-1.4675555970041727,151.99125620927194,-28.00874379072806,22.90319568127711,11.815097260744253,1.9384686537768205,1
pca,village,faro,,midpoints,6,8,,208.0,445.0,5.480681056040865,-1.963798914443039,156.29421832797328,-23.705781672026717,21.88749463360807,5.857376508984624,3.736740262476702,1
pca,village,floby,,vowels,8,8,,85.0,439.0,7.4568438528111045,9.488404047716735,167.45604696010972,-12.543953039890283,29.508402590060566,14.679400999617654,2.0101911917815416,1
pca,village,floby,,midpoints,6,8,,85.0,439.0,8.96522197117548,6.623993646124487,167.48356230469508,-12.516437695304916,27.029755898500696,13.581008242395658,1.9902613573359198,1
pca,village,frandef,,vowels,8,8,,63.0,423.0,-3.907698687890158,2.8849733005616884,169.1774598915959,-10.822540108404098,28.665698281258024,14.744019212271164,1.9442255105989088,1
pca,village,frandef,,midpoints,6,8,,63.0,423.0,-2.0899872718482695,0.40236173119079793,168.47284495752075,-11.52715504247925,27.345262742287566,12.327638650600598,2.218207680913434,1
pca,village,frillesas,,vowels,8,8,,58.0,470.0,1.6078566347847867,-5.055800783951489,174.82020754399795,-5.179792456002048,25.083266695291698,10.609240265114558,2.3642849128198957,1
pca,village,frillesas,,midpoints,6,8,,58.0,470.0,2.4454153855011125,-6.423628924635438,176.39296168113137,-3.607038318868632,23.310156955520434,8.211907932471853,2.838579919210551,1
pca,village,grangarde,,vowels,8,8,,119.0,354.0,-7.133066263661325,-2.671683936068734,2.8579673506251027,2.8579673506251027,24.551820002197267,10.919696563151836,2.248397641839847,1
pca,village,grangarde,,midpoints,6,8,,119.0,354.0,-6.08545308004808,-4.085455920263381,179.73918923388723,-0.260810766112769,20.93826694530791,9.596043182732526,2.1819688122063683,1
pca,village,graso,,vowels,8,8,,189.0,350.0,13.497527964243073,6.239515229762357,179.78680610322522,-0.21319389677478284,25.073003215802824,14.751878140818588,1.6996482059071234,1
pca,village,graso,,midpoints,6,8,,189.0,350.0,14.22101844014954,5.248615059516262,175.89495587417497,-4.105044125825032,22.91936717415258,10.358087885049308,2.2127025208227877,1
pca,village,hammaro,,vowels,8,8,,90.0,391.0,1.7684272843547912,-5.83959558767568,165.19742003608732,-14.802579963912677,22.397190355234414,14.422229418139928,1.5529631172739338,1
pca,village,hammaro,,midpoints,6,8,,90.0,391.0,1.40548495511978,-7.231234092667349,168.69660821774323,-11.303391782256767,20.690699012853845,11.540360787663328,1.7928988004406456,1
pca,village,hamneda,,vowels,8,8,,93.0,496.0,-6.114132129173716,-1.2961819719362966,141.9215481693113,-38.07845183068869,23.271205071552686,10.99381852790282,2.116753611357991,1
pca,village,hamneda,,midpoints,6,8,,93.0,496.0,-4.9930726372164616,-3.5246433601403315,139.6181881737628,-40.3818118262372,21.968584803648344,9.065776309647397,2.423243642165575,1
pca,village,haraker,,vowels,8,8,,149.0,373.0,12.05867852616528,-0.9330172617331449,178.7077960827516,-1.2922039172484006,20.110017751402147,14.862528610061101,1.3530683963016084,1
pca,village,haraker,,midpoints,6,8,,149.0,373.0,14.018510991041836,-3.708292329843715,178.86224684395552,-1.1377531560444822,17.492120532254578,12.075592226025716,1.4485517732666544,1
pca,village,houtskar,,vowels,8,8,,245.0,347.0,0.9304423314718622,-3.436449621791873,178.478780635286,-1.5212193647139998,26.588294396372188,14.301930309407583,1.859070336742085,1
pca,village,houtskar,,midpoints,6,8,,245.0,347.0,1.396538270201529,-6.676811574506534,178.93332336345642,-1.0666766365435763,22.923985899651043,12.406390185410245,1.847756322109662,1
pca,village,jamshog,,vowels,8,8,,108.0,514.0,-5.290442104419887,-0.6795557570692397,38.69493101238339,38.69493101238339,14.911720565909476,14.111901581553562,1.0566769106015734,0
pca,village,jamshog,,midpoints,6,8,,108.0,514.0,-7.216314072237428,-3.1290840672264473,19.066699703029087,19.066699703029087,14.107825358313457,12.333519705560283,1.1438604465806521,0
pca,village,jarnboas,,vowels,8,8,,117.0,378.0,11.278882360385271,-1.19025577106294,175.5925450701606,-4.407454929839389,26.377362985263378,13.537458440473872,1.9484723148919267,1
pca,village,jarnboas,,midpoints,6,8,,117.0,378.0,12.992331198956071,-2.754884559159583,176.1159504759116,-3.8840495240883968,24.413592985887444,9.70815059189648,2.5147521924789453,1
pca,village,jarsnas,,vowels,8,8,,113.0,452.0,6.1686567921675035,0.33014961622309735,168.58452214476847,-11.41547785523153,25.334060298897725,13.376173061646845,1.8939692378485606,1
pca,village,jarsnas,,midpoints,6,8,,113.0,452.0,7.353114394720531,-1.9906858099624964,170.50080545929657,-9.499194540703428,24.022735884090803,10.046311473940525,2.3911995906561536,1
pca,village,karna,,vowels,8,8,,53.0,448.0,-4.6488315094439585,-4.424332652442125,160.7637153275737,-19.236284672426308,24.25318988149581,13.080693608757569,1.8541210892103013,1
pca,village,karna,,midpoints,6,8,,53.0,448.0,-4.707629159734321,-6.030867263061876,158.42022588833584,-21.579774111664165,22.994910070954294,10.939589252577974,2.1019902612463643,1
pca,village,karsta,,vowels,8,8,,186.0,377.0,16.735114429285005,8.970732313662806,174.03598011924038,-5.964019880759622,26.86074659352693,15.743744425802216,1.706121864472419,1
pca,village,karsta,,midpoints,6,8,,186.0,377.0,17.296033614637306,6.448841511324602,171.02558556952712,-8.974414430472876,25.288432417227202,12.636893458988895,2.001158947750643,1
pca,village,korsberga,,vowels,8,8,,100.0,432.0,-0.39241624332253844,3.199035261091887,171.84050296515557,-8.159497034844435,25.71423910695693,15.271710175819697,1.6837825502785735,1
pca,village,korsberga,,midpoints,6,8,,100.0,432.0,0.6433714159990839,0.19703880224144102,169.5044144904844,-10.495585509515593,23.10214384342798,12.860557673984795,1.796356303440912,1
pca,village,kramfors,,vowels,8,8,,173.0,248.0,-0.9894537331328137,3.1223784826631724,166.94570295790135,-13.054297042098653,26.462561017519235,14.260584686503273,1.8556434816143512,1
pca,village,kramfors,,midpoints,6,8,,173.0,248.0,-0.28213262827687186,0.5576333075629085,163.23027098898248,-16.769729011017517,23.67022357340155,12.02507379938036,1.968405680356095,1
pca,village,kyrkslatt,,vowels,8,8,,310.0,347.0,7.048052039277767,8.840505643853435,10.02873229031124,10.02873229031124,30.25513515406064,18.45684066609698,1.6392369475040072,1
pca,village,kyrkslatt,,midpoints,6,8,,310.0,347.0,7.57287382421553,5.373836108387162,8.382120329252217,8.382120329252217,22.76723140420491,14.282660944618668,1.5940469001179367,1
pca,village,lanna,,vowels,8,8,,161.0,393.0,2.919529445170527,-2.8964740936534303,23.527730463961348,23.527730463961348,22.302149274398648,17.714645539910826,1.2589667246884644,1
pca,village,lanna,,midpoints,6,8,,161.0,393.0,3.6239775978613173,-5.3344056578597545,12.501635112683687,12.501635112683687,20.75647691787417,13.266781792426926,1.5645449848072865,1
pca,village,leksand,,vowels,8,8,,120.0,335.0,-14.430320523216267,0.17591843614865177,165.07342462736028,-14.926575372639718,27.37269042305549,15.351496439462066,1.7830633339882183,1
pca,village,leksand,,midpoints,6,8,,120.0,335.0,-12.838831302344554,-2.1321422020673264,162.53199950586875,-17.468000494131246,24.654139903316338,12.65898847477372,1.947560024440028,1
pca,village,loderup,,vowels,8,8,,98.0,543.0,-18.815401702513764,-13.531624081478942,148.8773138200247,-31.12268617997529,15.381824892102895,10.805943746340121,1.423459648983698,1
pca,village,loderup,,midpoints,6,8,,98.0,543.0,-16.130604616492857,-15.46036067640717,153.56712659743894,-26.432873402561057,10.43501004132833,8.159949403878935,1.2788081794193376,1
pca,village,malung,,vowels,8,8,,96.0,337.0,7.129562643358089,11.575470622881465,163.27158228061714,-16.72841771938286,20.809799096328554,17.359194827623412,1.1987767464430004,0
pca,village,malung,,midpoints,6,8,,96.0,337.0,8.852650157838816,8.531164730985436,162.14423532027322,-17.855764679726775,16.93241473656666,14.41828578072043,1.1743708644759994,0
pca,village,n_rorum,,vowels,8,8,,84.0,522.0,-7.815627656901021,-1.601341032262924,144.20127631864622,-35.79872368135378,15.430378651045167,11.210414483303966,1.376432483743231,1
pca,village,n_rorum,,midpoints,6,8,,84.0,522.0,-5.931844811791206,-3.878787791847312,121.03628650062173,-58.96371349937827,11.603618623202344,10.118531232721745,1.1467690672019728,0
pca,village,narpes,,vowels,8,8,,237.0,258.0,5.069951658230723,-2.557132060031681,170.9624674733012,-9.037532526698811,23.358307927752474,16.25584670136192,1.436917335459094,1
pca,village,narpes,,midpoints,6,8,,237.0,258.0,7.102019901655294,-2.958673845853328,166.91558422305505,-13.084415776944951,21.93478529859698,6.464057614923381,3.3933461929480306,1
pca,village,nora,,vowels,8,8,,160.0,357.0,8.14973270185409,3.5374998242635405,10.332696107026948,10.332696107026948,19.745739258140787,14.68997304694186,1.3441644307340257,1
pca,village,nora,,midpoints,6,8,,160.0,357.0,10.953924532966985,2.0514366418385808,176.0948079507787,-3.905192049221313,16.20112084513535,12.696262163621904,1.2760543722510533,1
pca,village,nysatra,,vowels,8,8,,228.0,188.0,-0.6888588001571954,0.1546871199066513,16.564917784436517,16.564917784436517,24.67562943235309,16.193084449950316,1.5238375065986147,1
pca,village,nysatra,,midpoints,6,8,,228.0,188.0,-0.7126811993544555,-2.3016597486947377,14.850044000748625,14.850044000748625,21.7748963214053,15.445380213590731,1.4097999544384856,1
pca,village,ockelbo,,vowels,8,8,,156.0,328.0,6.213900575693409,1.0625354112141436,12.739336910100775,12.739336910100775,25.920611691503378,15.781707688424898,1.6424465718950596,1
pca,village,ockelbo,,midpoints,6,8,,156.0,328.0,7.202563607930332,-1.2352274083806047,5.03121329372641,5.03121329372641,22.582682324688893,13.983366265215876,1.6149675190060724,1
pca,village,orust,,vowels,8,8,,49.0,436.0,18.506240099183987,5.120556704708093,170.15184899510618,-9.848151004893822,23.582888257692225,11.817349840762017,1.9956156477949825,1
pca,village,orust,,midpoints,6,8,,49.0,436.0,19.955696041865902,3.8252459151798686,166.74023307936253,-13.259766920637475,22.038637234664215,10.716701252772292,2.0564758422245895,1
pca,village,ossjo,,vowels,8,8,,74.0,515.0,18.216448641013134,5.561460655072246,163.64197021231388,-16.35802978768612,19.610097798705198,15.979986319058511,1.2271661193675265,1
pca,village,ossjo,,midpoints,6,8,,74.0,515.0,19.85266372330414,2.4774307537956317,173.77839267702586,-6.221607322974137,16.72313314247717,14.90070308242059,1.1223049711128483,0
pca,village,ostad,,vowels,8,8,,63.0,445.0,-4.128681727794822,-2.067229316335439,163.1833445756284,-16.81665542437159,23.492987537737594,12.451809363986522,1.8867127540263091,1
pca,village,ostad,,midpoints,6,8,,63.0,445.0,-2.6289157499948375,-3.2875063895797934,160.15718541554517,-19.84281458445483,22.532549468124074,10.019497240847365,2.248870270282989,1
pca,village,ovanaker,,vowels,8,8,,140.0,310.0,3.4153441919747998,2.8876223185242376,173.58753028382228,-6.412469716177725,28.17595683501162,15.619981406763584,1.8038406129479252,1
pca,village,ovanaker,,midpoints,6,8,,140.0,310.0,5.766103022976291,0.45367820035745793,168.3071606849959,-11.692839315004107,24.831920749585933,12.142379621565658,2.0450621314361497,1
pca,village,oxaback,,vowels,8,8,,71.0,468.0,5.197932149218695,0.8314362381744076,171.44221805807553,-8.557781941924475,25.109148089286123,14.302474028692068,1.7555807504991712,1
pca,village,oxaback,,midpoints,6,8,,71.0,468.0,6.538691461734601,-2.3173374952755723,168.84904335584903,-11.150956644150966,22.076117515458346,12.215217431162522,1.8072635742970449,1
pca,village,pitea,,vowels,8,8,,233.0,141.0,-9.539522520782658,0.8962189477269125,170.91283415617656,-9.087165843823442,28.118896517081115,14.440055138701403,1.9472845669209717,1
pca,village,pitea,,midpoints,6,8,,233.0,141.0,-7.3910980682836245,-1.580668338974501,167.5722191473307,-12.427780852669287,26.72307540871121,12.409051886248413,2.153514680547468,1
pca,village,ragunda,,vowels,8,8,,145.0,241.0,-9.417025895815435,-3.976354461154607,176.7455210773117,-3.2544789226882926,24.868563203992693,13.697789212232054,1.8155165639273523,1
pca,village,ragunda,,midpoints,6,8,,145.0,241.0,-8.591359295295131,-5.408962574935764,176.16377428473274,-3.836225715267261,23.44416764908149,10.826046949474463,2.1655335283964896,1
pca,village,ref,,vowels,8,8,,185.0,379.0,54.00646172389934,8.188402682915207,1.8586105595300069,1.8586105595300069,48.5440506044384,22.438885908237463,2.16338951955799,1
pca,village,ref,,midpoints,6,8,,185.0,379.0,56.25136113573103,5.502423195426324,0.8554721691350835,0.8554721691350835,40.89778044894561,18.426903181096595,2.219460320977915,1
pca,village,rimforsa,,vowels,8,8,,134.0,437.0,-0.9419773376266436,-4.004202292530888,165.43996474099805,-14.56003525900195,26.163432296244466,14.591014454460508,1.7931194830833879,1
pca,village,rimforsa,,midpoints,6,8,,134.0,437.0,1.0421719113250907,-5.171731759206593,167.2385116118641,-12.761488388135888,24.8436080689001,9.593457367664676,2.58964074335046,1
pca,village,s_finnskoga,,vowels,8,8,,74.0,333.0,12.188601338989326,8.274991943576548,169.81373879763942,-10.186261202360583,30.441810723467412,13.407301371769938,2.2705397513898578,1
pca,village,s_finnskoga,,midpoints,6,8,,74.0,333.0,13.704487120424787,6.923631360970217,169.26028007386807,-10.739719926131926,27.8332256622765,10.67438174331398,2.6074789464701467,1
pca,village,s_mellosa,,vowels,8,8,,129.0,395.0,18.19128269039151,0.9397473960852072,168.7174823319936,-11.282517668006392,22.221706807232074,16.02664172151328,1.3865479239735472,1
pca,village,s_mellosa,,midpoints,6,8,,129.0,395.0,20.351112325663433,-0.5783604503195708,159.2197744707149,-20.780225529285104,19.320166019378934,9.794486622782381,1.9725552510776245,1
pca,village,saltvik,,vowels,8,8,,221.0,350.0,21.197337222475028,0.5060225260453424,18.07431839947273,18.07431839947273,28.244171732648102,15.652381060186181,1.8044648685745799,1
pca,village,saltvik,,midpoints,6,8,,221.0,350.0,22.070037861635214,-2.2179173067839595,16.929370818371865,16.929370818371865,24.93279172316037,11.355135188359956,2.1957283035008466,1
pca,village,segerstad,,vowels,8,8,,153.0,510.0,10.339135232070321,-0.16159865403239881,163.13409988615211,-16.865900113847886,22.415501609918365,13.797423014074122,1.6246150884156654,1
pca,village,segerstad,,midpoints,6,8,,153.0,510.0,11.26852803320824,-2.613145223085595,159.29649255469212,-20.703507445307878,21.46290880236228,12.505606694473522,1.7162628992519944,1
pca,village,skee,,vowels,8,8,,42.0,404.0,34.540527890107846,20.297560106685637,176.89666977901413,-3.1033302209858675,24.55559993611667,14.642791084628326,1.6769753658436464,1
pca,village,skee,,midpoints,6,8,,42.0,404.0,34.87084245132619,18.29058218927535,171.29435553018723,-8.705644469812768,21.523454371638874,12.066701226835193,1.783706579539134,1
pca,village,skinnskatteberg,,vowels,8,8,,135.0,371.0,6.518782870744354,3.769852927353278,6.457449337444018,6.457449337444018,18.29313557320505,12.35764010602107,1.4803097853846707,1
pca,village,skinnskatteberg,,midpoints,6,8,,135.0,371.0,8.286868103547912,2.103339775605219,12.493068897003809,12.493068897003809,14.51200137499937,10.910143087371164,1.3301385012812041,1
pca,village,skog,,vowels,8,8,,157.0,317.0,-2.0636392396612813,1.1308449433980787,170.0210521150134,-9.97894788498661,27.961265892443432,14.56384699272397,1.919909341701595,1
pca,village,skog,,midpoints,6,8,,157.0,317.0,-0.9419932706793386,-1.0917961423028306,166.0871002737185,-13.912899726281495,25.1102514980944,11.969871879371267,2.097787825228865,1
pca,village,skuttunge,,vowels,8,8,,171.0,364.0,20.921696587637868,7.335972452841879,176.5854522656937,-3.4145477343062964,25.59015861436868,17.448163398612294,1.4666390971787864,1
pca,village,skuttunge,,midpoints,6,8,,171.0,364.0,22.26455495868215,5.905090782115384,169.15436021212935,-10.845639787870653,23.26868505825188,14.345783090603817,1.6219877932974167,1
pca,village,sorsele,,vowels,8,8,,166.0,143.0,-0.020255408955573095,-2.8605618626466898,171.28719762099254,-8.712802379007456,24.79023227278284,17.410834934985118,1.4238393715955375,1
pca,village,sorsele,,midpoints,6,8,,166.0,143.0,1.1416906162812939,-5.5027672512321075,162.72162184819493,-17.27837815180507,21.996275070845517,15.948912374317047,1.379170852193451,1
pca,village,sorunda,,vowels,8,8,,181.0,406.0,19.80180709210108,5.351491462102711,172.8631195744526,-7.136880425547389,21.371870895246087,17.35419018469043,1.2315106995946135,1
pca,village,sorunda,,midpoints,6,8,,181.0,406.0,20.381633846463114,3.1295076000004514,163.8088761010656,-16.191123898934393,20.12006969878069,12.52182608138889,1.6067999641589832,1
pca,village,sproge,,vowels,8,8,,190.0,475.0,1.8024225976045316,3.816867915344232,156.18249197344485,-23.817508026555146,25.486802671464854,12.2622256704531,2.078480967193217,1
pca,village,sproge,,midpoints,6,8,,190.0,475.0,3.2778229088003523,2.2316072612773064,158.20406293688526,-21.795937063114735,22.608939610673744,9.601193838744344,2.3548050367901507,1
pca,village,st_anna,,vowels,8,8,,157.0,436.0,3.0706599928565685,-3.524462485619702,169.88115990287733,-10.118840097122671,26.00714928166069,16.782846580771626,1.5496268262058415,1
pca,village,st_anna,,midpoints,6,8,,157.0,436.0,4.299878458896306,-5.09185075737863,168.48230107181578,-11.517698928184217,24.483151934164656,10.433590645039834,2.3465701087097983,1
pca,village,stenberga,,vowels,8,8,,128.0,474.0,5.822082768789194,0.6648297612514333,163.33308812729493,-16.66691187270507,23.508643488850772,12.628121671647378,1.861610467503834,1
pca,village,stenberga,,midpoints,6,8,,128.0,474.0,7.211642198093476,-1.7485783010385998,161.44361805938624,-18.55638194061376,21.75106373725944,10.732720001096396,2.026612427701223,1
pca,village,storsjo,,vowels,8,8,,87.0,251.0,-1.86463448912994,0.16744725867056776,170.26683154640756,-9.733168453592441,24.8665274617617,15.119144060130171,1.6447047109853126,1
pca,village,storsjo,,midpoints,6,8,,87.0,251.0,-1.9551124470585102,-2.3194344186207596,170.42642557782523,-9.573574422174772,22.143753559942486,12.04762330985485,1.8380184199342529,1
pca,village,strom,,vowels,8,8,,132.0,211.0,6.435698481812553,4.02491642468789,162.70256353332366,-17.297436466676345,23.088893529014356,15.616835878535445,1.4784616876680428,1
pca,village,strom,,midpoints,6,8,,132.0,211.0,6.376184355478035,1.925084138045779,169.20891256828295,-10.791087431717045,20.610267585846543,13.503605919957675,1.5262788108608507,1
pca,village,tjallmo,,vowels,8,8,,128.0,416.0,-0.6260109490554222,2.0364801364657232,173.9680277154547,-6.031972284545304,31.440664930831453,15.884054849917822,1.979385316148925,1
pca,village,tjallmo,,midpoints,6,8,,128.0,416.0,1.7572350681997475,0.9005629254984296,173.9183050408492,-6.081694959150809,28.911213414710033,10.562877463236408,2.7370584876454487,1
pca,village,torhamn,,vowels,8,8,,135.0,521.0,-0.4164930294286,2.658762755321985,160.2122188411327,-19.78778115886729,22.246418340751816,13.985942203768852,1.5906270751467126,1
pca,village,torhamn,,midpoints,6,8,,135.0,521.0,0.7991391221008185,0.8823762495934705,155.2749015377882,-24.725098462211804,20.13158813092306,12.182277221384712,1.6525307842760435,1
pca,village,torp,,vowels,8,8,,145.0,265.0,-4.714386435033104,1.576703383094848,177.14038200246645,-2.8596179975335474,29.777980277380095,16.959863749890268,1.7557912443472763,1
pca,village,torp,,midpoints,6,8,,145.0,265.0,-3.0068814177105114,-0.8174682948961417,169.91443627969147,-10.085563720308528,26.417980304023214,12.747643341654282,2.0723815058191697,1
pca,village,torsas,,vowels,8,8,,144.0,504.0,-7.269877814304725,2.267619400791724,150.78056246039094,-29.21943753960906,21.123210605028927,13.954050219031528,1.5137691403904787,1
pca,village,torsas,,midpoints,6,8,,144.0,504.0,-5.695728331848788,-0.502818947608319,149.14404133058895,-30.855958669411052,20.16770086718261,12.799150859668643,1.575706161158939,1
pca,village,torso,,vowels,8,8,,95.0,414.0,5.007798121456233,8.600652113749922,177.24419999388704,-2.7558000061129633,28.02184831766067,14.121166699605844,1.9843861993671406,1
pca,village,torso,,midpoints,6,8,,95.0,414.0,6.502512694217592,6.016418706247257,176.83860099862025,-3.161399001379749,25.112935526837642,11.147587727878221,2.252768593516825,1
pca,village,v_vingaker,,vowels,8,8,,139.0,402.0,14.239350962958493,7.136750234723953,170.05538509960584,-9.944614900394157,26.173055713995243,15.70824202638575,1.6661989081929942,1
pca,village,v_vingaker,,midpoints,6,8,,139.0,402.0,15.279924512123793,4.968249038857368,172.197115615315,-7.802884384685001,24.29672382172326,11.714437950562104,2.074083615813374,1
pca,village,vackelsang,,vowels,8,8,,116.0,500.0,-13.398917647404222,1.154376881168158,162.46939013335992,-17.530609866640077,26.355915030640844,9.291336121584116,2.836611945338527,1
pca,village,vackelsang,,midpoints,6,8,,116.0,500.0,-11.12869109221927,-1.1924427801782491,162.69636568301277,-17.303634316987228,23.952641775250694,7.700943654903798,3.1103515164661877,1
pca,village,vaxtorp,,vowels,8,8,,78.0,504.0,-16.223608529439204,-6.260949086706271,154.36794973868444,-25.632050261315555,21.76145200027092,11.192048190453876,1.9443672534248102,1
pca,village,vaxtorp,,midpoints,6,8,,78.0,504.0,-14.269604648521929,-8.316057139837824,148.66085569750965,-31.339144302490354,20.316934024858252,8.768288942082844,2.317092212523748,1
pca,village,vemdalen,,vowels,8,8,,102.0,266.0,10.997597365548081,5.969162159991138,178.11616623074445,-1.8838337692555456,23.395627726518413,12.636630178893006,1.85141350148841,1
pca,village,vemdalen,,midpoints,6,8,,102.0,266.0,12.250324647662344,3.968824420787998,2.698042999016508,2.698042999016508,19.94809024041313,10.596974839172004,1.8824325378856686,1
pca,village,viby,,vowels,8,8,,116.0,402.0,-3.3748753202053656,-0.46777840736934184,172.5384497210522,-7.461550278947811,24.02292650969573,15.887363749633836,1.5120775786511087,1
pca,village,viby,,midpoints,6,8,,116.0,402.0,-2.301520382738934,-1.9624143913672336,170.54483636221278,-9.455163637787223,22.63718093050997,9.728459145478602,2.326903016397085,1
pca,village,vilhelmina,,vowels,8,8,,152.0,178.0,-10.901890673922246,5.644271620329721,169.4184336512345,-10.581566348765506,23.813134377077056,15.261791814297938,1.5603105236154402,1
pca,village,vilhelmina,,midpoints,6,8,,152.0,178.0,-9.636242865032623,2.558305900782591,165.74891563419817,-14.25108436580183,21.730767629059333,13.53140359708302,1.6059507406714155,1
pca,village,villberga,,vowels,8,8,,166.0,379.0,23.776194853379735,4.940396085060495,8.05871395006659,8.05871395006659,24.857332586027407,14.250566061992423,1.7443049264073947,1
pca,village,villberga,,midpoints,6,8,,166.0,379.0,24.834422311060518,3.019303415457797,1.336948144129508,1.336948144129508,22.53824502341781,11.900713889642383,1.893856556204889,1
