village,vowel,n_speakers,geo_x,geo_y,display_x,display_y,geo_position,geographic_group
ankarsrum,eː,3,149.0,456.0,-1849.0,-444.0,456.0,
ankarsrum,oː,3,149.0,456.0,-770.0,-450.0,456.0,
ankarsrum,uː,3,149.0,456.0,-900.0,-459.0,456.0,
ankarsrum,yː,3,149.0,456.0,-1981.0,-424.0,456.0,
ankarsrum,æː,3,149.0,456.0,-1620.0,-632.0,456.0,
ankarsrum,øː,3,149.0,456.0,-1323.0,-590.0,456.0,
ankarsrum,ɑː,3,149.0,456.0,-959.0,-603.0,456.0,
ankarsrum,ʉ̟ː,3,149.0,456.0,-1625.0,-420.0,456.0,
anundsjo,eː,3,182.0,230.0,-1968.0,-478.0,230.0,
anundsjo,oː,3,182.0,230.0,-774.0,-463.0,230.0,
anundsjo,uː,3,182.0,230.0,-1648.0,-435.0,230.0,
anundsjo,yː,3,182.0,230.0,-1999.0,-386.5,230.0,
anundsjo,æː,3,182.0,230.0,-1811.5,-610.5,230.0,
anundsjo,øː,3,182.0,230.0,-1664.0,-475.0,230.0,
anundsjo,ɑː,3,182.0,230.0,-860.0,-570.0,230.0,
anundsjo,ʉ̟ː,3,182.0,230.0,-1740.0,-375.0,230.0,
are,eː,3,89.0,227.0,-1959.0,-521.0,227.0,
are,oː,3,89.0,227.0,-736.0,-477.0,227.0,
are,uː,3,89.0,227.0,-733.0,-407.0,227.0,
are,yː,3,89.0,227.0,-2064.0,-322.0,227.0,
are,æː,3,89.0,227.0,-1729.0,-631.0,227.0,
are,øː,3,89.0,227.0,-1345.0,-563.0,227.0,
are,ɑː,3,89.0,227.0,-915.0,-576.0,227.0,
are,ʉ̟ː,3,89.0,227.0,-1748.0,-334.5,227.0,
arjeplog,eː,3,171.0,122.0,-1971.5,-475.5,122.0,
arjeplog,oː,3,171.0,122.0,-810.0,-483.0,122.0,
arjeplog,uː,3,171.0,122.0,-985.0,-402.0,122.0,
arjeplog,yː,3,171.0,122.0,-1982.0,-337.0,122.0,
arjeplog,æː,3,171.0,122.0,-1667.5,-670.5,122.0,
arjeplog,øː,3,171.0,122.0,-1680.5,-468.0,122.0,
arjeplog,ɑː,3,171.0,122.0,-931.0,-569.5,122.0,
arjeplog,ʉ̟ː,3,171.0,122.0,-1672.5,-359.5,122.0,
arstad,eː,3,70.0,485.0,-1951.0,-459.0,485.0,
arstad,oː,3,70.0,485.0,-684.5,-433.5,485.0,
arstad,uː,3,70.0,485.0,-1094.5,-423.5,485.0,
arstad,yː,3,70.0,485.0,-1957.5,-426.5,485.0,
arstad,æː,3,70.0,485.0,-1802.0,-625.0,485.0,
arstad,øː,3,70.0,485.0,-1364.0,-481.5,485.0,
arstad,ɑː,3,70.0,485.0,-792.0,-541.0,485.0,
arstad,ʉ̟ː,3,70.0,485.0,-1549.5,-420.0,485.0,
arsunda,eː,3,156.0,343.0,-1715.0,-520.0,343.0,
arsunda,oː,3,156.0,343.0,-785.5,-463.0,343.0,
arsunda,uː,3,156.0,343.0,-755.0,-434.0,343.0,
arsunda,yː,3,156.0,343.0,-1912.0,-395.0,343.0,
arsunda,æː,3,156.0,343.0,-1580.0,-686.0,343.0,
arsunda,øː,3,156.0,343.0,-1383.0,-565.5,343.0,
arsunda,ɑː,3,156.0,343.0,-877.0,-611.0,343.0,
arsunda,ʉ̟ː,3,156.0,343.0,-1589.0,-380.0,343.0,
asby,eː,3,125.0,446.0,-1979.5,-429.0,446.0,
asby,oː,3,125.0,446.0,-746.0,-470.0,446.0,
asby,uː,3,125.0,446.0,-882.0,-456.0,446.0,
asby,yː,3,125.0,446.0,-1644.0,-427.5,446.0,
asby,æː,3,125.0,446.0,-1798.0,-648.5,446.0,
asby,øː,3,125.0,446.0,-1471.5,-582.0,446.0,
asby,ɑː,3,125.0,446.0,-897.0,-547.5,446.0,
asby,ʉ̟ː,3,125.0,446.0,-1642.0,-472.0,446.0,
aspas,eː,2,112.0,229.0,-1813.25,-483.25,229.0,
aspas,oː,2,112.0,229.0,-730.0,-442.0,229.0,
aspas,uː,2,112.0,229.0,-712.0,-360.0,229.0,
aspas,yː,2,112.0,229.0,-2057.5,-304.0,229.0,
aspas,æː,2,112.0,229.0,-1526.75,-676.25,229.0,
aspas,øː,2,112.0,229.0,-1537.0,-495.0,229.0,
aspas,ɑː,2,112.0,229.0,-868.5,-535.5,229.0,
aspas,ʉ̟ː,2,112.0,229.0,-1658.0,-334.5,229.0,
bara,eː,3,79.0,539.0,-1767.0,-531.0,539.0,
bara,oː,3,79.0,539.0,-1093.0,-508.5,539.0,
bara,uː,3,79.0,539.0,-1288.5,-422.0,539.0,
bara,yː,3,79.0,539.0,-1675.0,-411.0,539.0,
bara,æː,3,79.0,539.0,-1423.0,-602.0,539.0,
bara,øː,3,79.0,539.0,-1273.0,-534.0,539.0,
bara,ɑː,3,79.0,539.0,-1017.0,-553.0,539.0,
bara,ʉ̟ː,3,79.0,539.0,-1370.0,-409.0,539.0,
bengtsf,eː,3,62.0,401.0,-2135.5,-408.0,401.0,
bengtsf,oː,3,62.0,401.0,-752.0,-463.0,401.0,
bengtsf,uː,3,62.0,401.0,-706.0,-395.0,401.0,
bengtsf,yː,3,62.0,401.0,-1695.5,-383.0,401.0,
bengtsf,æː,3,62.0,401.0,-1801.0,-578.0,401.0,
bengtsf,øː,3,62.0,401.0,-1577.5,-495.0,401.0,
bengtsf,ɑː,3,62.0,401.0,-856.0,-571.0,401.0,
bengtsf,ʉ̟ː,3,62.0,401.0,-1425.0,-398.0,401.0,
berg,eː,3,112.0,252.0,-1856.5,-550.0,252.0,
berg,oː,3,112.0,252.0,-733.0,-478.0,252.0,
berg,uː,3,112.0,252.0,-897.0,-376.0,252.0,
berg,yː,3,112.0,252.0,-2025.0,-367.0,252.0,
berg,æː,3,112.0,252.0,-1693.0,-686.5,252.0,
berg,øː,3,112.0,252.0,-1449.5,-522.0,252.0,
berg,ɑː,3,112.0,252.0,-913.0,-616.5,252.0,
berg,ʉ̟ː,3,112.0,252.0,-1595.0,-370.5,252.0,
bjurholm,eː,3,197.0,211.0,-1848.0,-457.0,211.0,
bjurholm,oː,3,197.0,211.0,-814.0,-480.5,211.0,
bjurholm,uː,3,197.0,211.0,-809.5,-423.0,211.0,
bjurholm,yː,3,197.0,211.0,-2021.0,-349.0,211.0,
bjurholm,æː,3,197.0,211.0,-1646.5,-644.0,211.0,
bjurholm,øː,3,197.0,211.0,-1537.0,-487.0,211.0,
bjurholm,ɑː,3,197.0,211.0,-978.0,-606.0,211.0,
bjurholm,ʉ̟ː,3,197.0,211.0,-1603.0,-354.0,211.0,
boda,eː,1,163.0,475.0,-2020.0,-450.0,475.0,
boda,oː,1,163.0,475.0,-751.0,-459.0,475.0,
boda,uː,1,163.0,475.0,-832.0,-406.5,475.0,
boda,yː,1,163.0,475.0,-1702.0,-368.0,475.0,
boda,æː,1,163.0,475.0,-1523.0,-700.0,475.0,
boda,øː,1,163.0,475.0,-1544.5,-520.0,475.0,
boda,ɑː,1,163.0,475.0,-913.0,-620.0,475.0,
boda,ʉ̟ː,1,163.0,475.0,-1480.0,-429.0,475.0,
bredsattra,eː,3,158.0,489.0,-2031.0,-485.0,489.0,
bredsattra,oː,3,158.0,489.0,-780.0,-452.0,489.0,
bredsattra,uː,3,158.0,489.0,-837.0,-405.0,489.0,
bredsattra,yː,3,158.0,489.0,-2031.0,-380.0,489.0,
bredsattra,æː,3,158.0,489.0,-1726.5,-699.0,489.0,
bredsattra,øː,3,158.0,489.0,-1581.0,-474.0,489.0,
bredsattra,ɑː,3,158.0,489.0,-975.0,-598.0,489.0,
bredsattra,ʉ̟ː,3,158.0,489.0,-1598.0,-372.0,489.0,
broby,eː,2,99.0,510.0,-1695.0,-451.75,510.0,
broby,oː,2,99.0,510.0,-922.0,-438.0,510.0,
broby,uː,2,99.0,510.0,-1473.5,-449.0,510.0,
broby,yː,2,99.0,510.0,-1677.0,-454.0,510.0,
broby,æː,2,99.0,510.0,-1716.0,-620.5,510.0,
broby,øː,2,99.0,510.0,-1391.5,-444.0,510.0,
broby,ɑː,2,99.0,510.0,-1096.5,-554.5,510.0,
broby,ʉ̟ː,2,99.0,510.0,-1587.5,-432.25,510.0,
burseryd,eː,2,84.0,478.0,-2020.0,-419.0,478.0,
burseryd,oː,2,84.0,478.0,-829.0,-444.25,478.0,
burseryd,uː,2,84.0,478.0,-951.5,-379.5,478.0,
burseryd,yː,2,84.0,478.0,-1812.25,-362.5,478.0,
burseryd,æː,2,84.0,478.0,-1572.75,-649.5,478.0,
burseryd,øː,2,84.0,478.0,-1464.5,-435.5,478.0,
burseryd,ɑː,2,84.0,478.0,-928.5,-553.0,478.0,
burseryd,ʉ̟ː,2,84.0,478.0,-1627.75,-386.0,478.0,
burtrask,eː,3,222.0,177.0,-1884.0,-491.0,177.0,
burtrask,oː,3,222.0,177.0,-758.0,-457.0,177.0,
burtrask,uː,3,222.0,177.0,-829.0,-388.0,177.0,
burtrask,yː,3,222.0,177.0,-2009.0,-360.0,177.0,
burtrask,æː,3,222.0,177.0,-1600.5,-657.0,177.0,
burtrask,øː,3,222.0,177.0,-1559.0,-536.0,177.0,
burtrask,ɑː,3,222.0,177.0,-1248.0,-708.0,177.0,
burtrask,ʉ̟ː,3,222.0,177.0,-1524.0,-382.0,177.0,
dalby,eː,2,82.0,336.0,-1924.75,-429.75,336.0,
dalby,oː,2,82.0,336.0,-793.75,-451.5,336.0,
dalby,uː,2,82.0,336.0,-740.75,-413.25,336.0,
dalby,yː,2,82.0,336.0,-1892.5,-361.0,336.0,
dalby,æː,2,82.0,336.0,-1725.0,-628.75,336.0,
dalby,øː,2,82.0,336.0,-1563.5,-489.0,336.0,
dalby,ɑː,2,82.0,336.0,-982.0,-577.5,336.0,
dalby,ʉ̟ː,2,82.0,336.0,-1610.0,-379.5,336.0,
floby,eː,3,85.0,439.0,-2385.5,-431.0,439.0,
floby,oː,3,85.0,439.0,-778.0,-410.0,439.0,
floby,uː,3,85.0,439.0,-732.5,-338.0,439.0,
floby,yː,3,85.0,439.0,-2302.0,-330.0,439.0,
floby,æː,3,85.0,439.0,-1932.0,-582.0,439.0,
floby,øː,3,85.0,439.0,-1773.0,-436.0,439.0,
floby,ɑː,3,85.0,439.0,-880.0,-529.0,439.0,
floby,ʉ̟ː,3,85.0,439.0,-1733.0,-361.5,439.0,
frandef,eː,3,63.0,423.0,-2010.5,-454.0,423.0,
frandef,oː,3,63.0,423.0,-786.0,-437.0,423.0,
frandef,uː,3,63.0,423.0,-842.0,-488.0,423.0,
frandef,yː,3,63.0,423.0,-1916.5,-377.0,423.0,
frandef,æː,3,63.0,423.0,-1732.5,-650.0,423.0,
frandef,øː,3,63.0,423.0,-1542.0,-465.0,423.0,
frandef,ɑː,3,63.0,423.0,-961.0,-546.0,423.0,
frandef,ʉ̟ː,3,63.0,423.0,-1611.0,-376.0,423.0,
frillesas,eː,2,58.0,470.0,-2062.0,-492.0,470.0,
frillesas,oː,2,58.0,470.0,-1099.5,-517.5,470.0,
frillesas,uː,2,58.0,470.0,-919.0,-495.0,470.0,
frillesas,yː,2,58.0,470.0,-1693.75,-448.0,470.0,
frillesas,æː,2,58.0,470.0,-1690.0,-669.5,470.0,
frillesas,øː,2,58.0,470.0,-1290.75,-537.0,470.0,
frillesas,ɑː,2,58.0,470.0,-843.0,-582.0,470.0,
frillesas,ʉ̟ː,2,58.0,470.0,-1537.5,-451.25,470.0,
grangarde,eː,1,119.0,354.0,-2149.0,-583.0,354.0,
grangarde,oː,1,119.0,354.0,-718.5,-589.5,354.0,
grangarde,uː,1,119.0,354.0,-1252.5,-524.5,354.0,
grangarde,yː,1,119.0,354.0,-2311.0,-524.0,354.0,
grangarde,æː,1,119.0,354.0,-1889.0,-690.0,354.0,
grangarde,øː,1,119.0,354.0,-1624.5,-567.5,354.0,
grangarde,ɑː,1,119.0,354.0,-873.0,-663.5,354.0,
grangarde,ʉ̟ː,1,119.0,354.0,-1789.0,-488.5,354.0,
graso,eː,3,189.0,350.0,-1991.0,-457.5,350.0,
graso,oː,3,189.0,350.0,-687.5,-442.5,350.0,
graso,uː,3,189.0,350.0,-745.5,-405.5,350.0,
graso,yː,3,189.0,350.0,-1950.0,-372.0,350.0,
graso,æː,3,189.0,350.0,-1958.0,-592.0,350.0,
graso,øː,3,189.0,350.0,-1428.0,-584.0,350.0,
graso,ɑː,3,189.0,350.0,-891.0,-570.0,350.0,
graso,ʉ̟ː,3,189.0,350.0,-1612.0,-376.5,350.0,
hammaro,eː,3,90.0,391.0,-1798.0,-483.5,391.0,
hammaro,oː,3,90.0,391.0,-858.0,-461.0,391.0,
hammaro,uː,3,90.0,391.0,-836.0,-389.0,391.0,
hammaro,yː,3,90.0,391.0,-1911.0,-413.0,391.0,
hammaro,æː,3,90.0,391.0,-1630.0,-668.0,391.0,
hammaro,øː,3,90.0,391.0,-1332.5,-559.0,391.0,
hammaro,ɑː,3,90.0,391.0,-981.5,-597.0,391.0,
hammaro,ʉ̟ː,3,90.0,391.0,-1594.0,-423.5,391.0,
hamneda,eː,3,93.0,496.0,-1968.5,-471.0,496.0,
hamneda,oː,3,93.0,496.0,-950.0,-510.0,496.0,
hamneda,uː,3,93.0,496.0,-967.0,-420.0,496.0,
hamneda,yː,3,93.0,496.0,-1907.0,-372.0,496.0,
hamneda,æː,3,93.0,496.0,-1753.0,-600.0,496.0,
hamneda,øː,3,93.0,496.0,-1590.0,-491.0,496.0,
hamneda,ɑː,3,93.0,496.0,-1010.0,-597.0,496.0,
hamneda,ʉ̟ː,3,93.0,496.0,-1611.0,-366.0,496.0,
haraker,eː,3,149.0,373.0,-1703.5,-487.5,373.0,
haraker,oː,3,149.0,373.0,-741.5,-439.0,373.0,
haraker,uː,3,149.0,373.0,-708.5,-357.5,373.0,
haraker,yː,3,149.0,373.0,-1864.0,-370.0,373.0,
haraker,æː,3,149.0,373.0,-1365.0,-717.0,373.0,
haraker,øː,3,149.0,373.0,-1298.0,-511.0,373.0,
haraker,ɑː,3,149.0,373.0,-844.0,-542.5,373.0,
haraker,ʉ̟ː,3,149.0,373.0,-1367.0,-374.0,373.0,
jamshog,eː,3,108.0,514.0,-2123.0,-463.0,514.0,
jamshog,oː,3,108.0,514.0,-1001.0,-576.0,514.0,
jamshog,uː,3,108.0,514.0,-1295.0,-394.0,514.0,
jamshog,yː,3,108.0,514.0,-1357.0,-395.0,514.0,
jamshog,æː,3,108.0,514.0,-1769.0,-591.0,514.0,
jamshog,øː,3,108.0,514.0,-1201.0,-448.0,514.0,
jamshog,ɑː,3,108.0,514.0,-1335.0,-722.0,514.0,
jamshog,ʉ̟ː,3,108.0,514.0,-1482.0,-384.0,514.0,
jarnboas,eː,3,117.0,378.0,-1999.5,-406.5,378.0,
jarnboas,oː,3,117.0,378.0,-726.5,-414.5,378.0,
jarnboas,uː,3,117.0,378.0,-977.0,-390.5,378.0,
jarnboas,yː,3,117.0,378.0,-1682.0,-409.0,378.0,
jarnboas,æː,3,117.0,378.0,-1661.0,-580.0,378.0,
jarnboas,øː,3,117.0,378.0,-1454.0,-516.0,378.0,
jarnboas,ɑː,3,117.0,378.0,-901.5,-569.0,378.0,
jarnboas,ʉ̟ː,3,117.0,378.0,-1449.0,-424.5,378.0,
jarsnas,eː,3,113.0,452.0,-1908.5,-414.0,452.0,
jarsnas,oː,3,113.0,452.0,-754.0,-416.5,452.0,
jarsnas,uː,3,113.0,452.0,-804.0,-397.0,452.0,
jarsnas,yː,3,113.0,452.0,-1742.0,-376.0,452.0,
jarsnas,æː,3,113.0,452.0,-1638.0,-613.0,452.0,
jarsnas,øː,3,113.0,452.0,-1319.5,-487.0,452.0,
jarsnas,ɑː,3,113.0,452.0,-940.5,-529.0,452.0,
jarsnas,ʉ̟ː,3,113.0,452.0,-1494.0,-414.5,452.0,
karna,eː,3,53.0,448.0,-1942.0,-491.5,448.0,
karna,oː,3,53.0,448.0,-868.5,-500.5,448.0,
karna,uː,3,53.0,448.0,-878.0,-436.0,448.0,
karna,yː,3,53.0,448.0,-1625.0,-417.5,448.0,
karna,æː,3,53.0,448.0,-1764.0,-611.0,448.0,
karna,øː,3,53.0,448.0,-1401.5,-563.0,448.0,
karna,ɑː,3,53.0,448.0,-992.0,-587.0,448.0,
karna,ʉ̟ː,3,53.0,448.0,-1672.0,-433.0,448.0,
karsta,eː,3,186.0,377.0,-1985.0,-411.5,377.0,
karsta,oː,3,186.0,377.0,-696.0,-440.0,377.0,
karsta,uː,3,186.0,377.0,-725.0,-393.0,377.0,
karsta,yː,3,186.0,377.0,-2186.0,-369.0,377.0,
karsta,æː,3,186.0,377.0,-1805.0,-524.0,377.0,
karsta,øː,3,186.0,377.0,-1663.0,-487.5,377.0,
karsta,ɑː,3,186.0,377.0,-901.0,-552.0,377.0,
karsta,ʉ̟ː,3,186.0,377.0,-1643.0,-385.0,377.0,
korsberga,eː,3,100.0,432.0,-2123.0,-414.0,432.0,
korsberga,oː,3,100.0,432.0,-751.0,-470.5,432.0,
korsberga,uː,3,100.0,432.0,-714.0,-396.0,432.0,
korsberga,yː,3,100.0,432.0,-2019.0,-347.5,432.0,
korsberga,æː,3,100.0,432.0,-1650.5,-632.0,432.0,
korsberga,øː,3,100.0,432.0,-1532.0,-474.0,432.0,
korsberga,ɑː,3,100.0,432.0,-865.5,-576.0,432.0,
korsberga,ʉ̟ː,3,100.0,432.0,-1556.5,-341.0,432.0,
kramfors,eː,3,173.0,248.0,-2032.5,-473.0,248.0,
kramfors,oː,3,173.0,248.0,-827.0,-466.0,248.0,
kramfors,uː,3,173.0,248.0,-806.0,-371.0,248.0,
kramfors,yː,3,173.0,248.0,-1978.0,-376.0,248.0,
kramfors,æː,3,173.0,248.0,-1788.5,-623.5,248.0,
kramfors,øː,3,173.0,248.0,-1588.0,-516.0,248.0,
kramfors,ɑː,3,173.0,248.0,-926.0,-586.0,248.0,
kramfors,ʉ̟ː,3,173.0,248.0,-1628.0,-376.0,248.0,
lanna,eː,2,161.0,393.0,-1860.5,-451.0,393.0,
lanna,oː,2,161.0,393.0,-887.75,-441.5,393.0,
lanna,uː,2,161.0,393.0,-980.25,-397.25,393.0,
lanna,yː,2,161.0,393.0,-1889.75,-366.0,393.0,
lanna,æː,2,161.0,393.0,-1420.25,-706.25,393.0,
lanna,øː,2,161.0,393.0,-1248.5,-566.0,393.0,
lanna,ɑː,2,161.0,393.0,-972.5,-572.25,393.0,
lanna,ʉ̟ː,2,161.0,393.0,-1500.5,-407.0,393.0,
leksand,eː,2,120.0,335.0,-2041.25,-473.0,335.0,
leksand,oː,2,120.0,335.0,-756.75,-514.25,335.0,
leksand,uː,2,120.0,335.0,-973.0,-460.75,335.0,
leksand,yː,2,120.0,335.0,-2047.25,-339.0,335.0,
leksand,æː,2,120.0,335.0,-1811.0,-663.25,335.0,
leksand,øː,2,120.0,335.0,-1509.5,-542.75,335.0,
leksand,ɑː,2,120.0,335.0,-894.25,-609.75,335.0,
leksand,ʉ̟ː,2,120.0,335.0,-1660.25,-372.5,335.0,
loderup,eː,3,98.0,543.0,-1751.0,-638.0,543.0,
loderup,oː,3,98.0,543.0,-1431.0,-643.0,543.0,
loderup,uː,3,98.0,543.0,-1596.5,-501.0,543.0,
loderup,yː,3,98.0,543.0,-1570.0,-508.0,543.0,
loderup,æː,3,98.0,543.0,-1418.0,-674.0,543.0,
loderup,øː,3,98.0,543.0,-1284.0,-648.0,543.0,
loderup,ɑː,3,98.0,543.0,-958.5,-671.0,543.0,
loderup,ʉ̟ː,3,98.0,543.0,-1366.0,-507.0,543.0,
malung,eː,3,96.0,337.0,-2091.0,-439.0,337.0,
malung,oː,3,96.0,337.0,-774.0,-428.0,337.0,
malung,uː,3,96.0,337.0,-1145.5,-373.0,337.0,
malung,yː,3,96.0,337.0,-2057.0,-310.0,337.0,
malung,æː,3,96.0,337.0,-2233.0,-479.0,337.0,
malung,øː,3,96.0,337.0,-1656.0,-449.0,337.0,
malung,ɑː,3,96.0,337.0,-923.0,-590.0,337.0,
malung,ʉ̟ː,3,96.0,337.0,-1374.0,-327.5,337.0,
n_rorum,eː,2,84.0,522.0,-1943.5,-498.0,522.0,
n_rorum,oː,2,84.0,522.0,-1284.75,-502.0,522.0,
n_rorum,uː,2,84.0,522.0,-1481.25,-443.75,522.0,
n_rorum,yː,2,84.0,522.0,-1823.0,-425.5,522.0,
n_rorum,æː,2,84.0,522.0,-1695.75,-609.5,522.0,
n_rorum,øː,2,84.0,522.0,-1419.75,-499.25,522.0,
n_rorum,ɑː,2,84.0,522.0,-1019.5,-553.5,522.0,
n_rorum,ʉ̟ː,2,84.0,522.0,-1474.5,-393.5,522.0,
nora,eː,3,160.0,357.0,-1626.5,-458.0,357.0,
nora,oː,3,160.0,357.0,-724.0,-395.5,357.0,
nora,uː,3,160.0,357.0,-1243.5,-344.0,357.0,
nora,yː,3,160.0,357.0,-1845.0,-334.5,357.0,
nora,æː,3,160.0,357.0,-1641.0,-604.0,357.0,
nora,øː,3,160.0,357.0,-1487.0,-514.0,357.0,
nora,ɑː,3,160.0,357.0,-1009.0,-555.0,357.0,
nora,ʉ̟ː,3,160.0,357.0,-1674.5,-353.5,357.0,
nysatra,eː,3,228.0,188.0,-1768.0,-520.0,188.0,
nysatra,oː,3,228.0,188.0,-753.0,-509.0,188.0,
nysatra,uː,3,228.0,188.0,-847.0,-383.0,188.0,
nysatra,yː,3,228.0,188.0,-2056.0,-399.0,188.0,
nysatra,æː,3,228.0,188.0,-1609.5,-704.0,188.0,
nysatra,øː,3,228.0,188.0,-1561.0,-525.0,188.0,
nysatra,ɑː,3,228.0,188.0,-999.0,-635.5,188.0,
nysatra,ʉ̟ː,3,228.0,188.0,-1629.0,-391.0,188.0,
ockelbo,eː,3,156.0,328.0,-1917.0,-479.0,328.0,
ockelbo,oː,3,156.0,328.0,-781.0,-452.0,328.0,
ockelbo,uː,3,156.0,328.0,-802.0,-407.0,328.0,
ockelbo,yː,3,156.0,328.0,-1940.0,-363.0,328.0,
ockelbo,æː,3,156.0,328.0,-1625.0,-653.0,328.0,
ockelbo,øː,3,156.0,328.0,-1517.0,-538.0,328.0,
ockelbo,ɑː,3,156.0,328.0,-1017.0,-572.0,328.0,
ockelbo,ʉ̟ː,3,156.0,328.0,-1651.0,-384.0,328.0,
orust,eː,3,49.0,436.0,-1963.5,-446.5,436.0,
orust,oː,3,49.0,436.0,-745.0,-442.0,436.0,
orust,uː,3,49.0,436.0,-775.5,-376.0,436.0,
orust,yː,3,49.0,436.0,-1630.0,-397.0,436.0,
orust,æː,3,49.0,436.0,-1871.0,-541.0,436.0,
orust,øː,3,49.0,436.0,-1609.0,-486.0,436.0,
orust,ɑː,3,49.0,436.0,-847.5,-531.5,436.0,
orust,ʉ̟ː,3,49.0,436.0,-1973.0,-364.0,436.0,
ossjo,eː,3,74.0,515.0,-2062.0,-462.0,515.0,
ossjo,oː,3,74.0,515.0,-1045.0,-479.0,515.0,
ossjo,uː,3,74.0,515.0,-1504.0,-359.0,515.0,
ossjo,yː,3,74.0,515.0,-1945.0,-373.0,515.0,
ossjo,æː,3,74.0,515.0,-1712.0,-668.0,515.0,
ossjo,øː,3,74.0,515.0,-1440.5,-442.5,515.0,
ossjo,ɑː,3,74.0,515.0,-998.0,-527.0,515.0,
ossjo,ʉ̟ː,3,74.0,515.0,-1478.0,-332.0,515.0,
ostad,eː,2,63.0,445.0,-1978.75,-466.5,445.0,
ostad,oː,2,63.0,445.0,-820.5,-449.5,445.0,
ostad,uː,2,63.0,445.0,-839.5,-402.75,445.0,
ostad,yː,2,63.0,445.0,-1567.0,-396.5,445.0,
ostad,æː,2,63.0,445.0,-1785.75,-608.0,445.0,
ostad,øː,2,63.0,445.0,-1439.75,-508.5,445.0,
ostad,ɑː,2,63.0,445.0,-934.75,-580.5,445.0,
ostad,ʉ̟ː,2,63.0,445.0,-1655.25,-367.5,445.0,
ovanaker,eː,3,140.0,310.0,-1975.0,-428.0,310.0,
ovanaker,oː,3,140.0,310.0,-714.0,-467.0,310.0,
ovanaker,uː,3,140.0,310.0,-694.0,-443.0,310.0,
ovanaker,yː,3,140.0,310.0,-1814.0,-358.0,310.0,
ovanaker,æː,3,140.0,310.0,-1676.0,-601.5,310.0,
ovanaker,øː,3,140.0,310.0,-1452.5,-522.0,310.0,
ovanaker,ɑː,3,140.0,310.0,-837.0,-568.0,310.0,
ovanaker,ʉ̟ː,3,140.0,310.0,-1592.0,-361.0,310.0,
oxaback,eː,3,71.0,468.0,-1945.0,-453.0,468.0,
oxaback,oː,3,71.0,468.0,-771.0,-475.0,468.0,
oxaback,uː,3,71.0,468.0,-743.5,-407.5,468.0,
oxaback,yː,3,71.0,468.0,-2010.5,-381.0,468.0,
oxaback,æː,3,71.0,468.0,-1714.5,-630.0,468.0,
oxaback,øː,3,71.0,468.0,-1563.0,-480.5,468.0,
oxaback,ɑː,3,71.0,468.0,-900.0,-579.5,468.0,
oxaback,ʉ̟ː,3,71.0,468.0,-1373.0,-391.0,468.0,
pitea,eː,3,233.0,141.0,-1862.0,-465.5,141.0,
pitea,oː,3,233.0,141.0,-785.0,-466.0,141.0,
pitea,uː,3,233.0,141.0,-827.0,-406.0,141.0,
pitea,yː,3,233.0,141.0,-1953.5,-385.0,141.0,
pitea,æː,3,233.0,141.0,-1640.5,-692.0,141.0,
pitea,øː,3,233.0,141.0,-1602.0,-503.5,141.0,
pitea,ɑː,3,233.0,141.0,-901.0,-625.0,141.0,
pitea,ʉ̟ː,3,233.0,141.0,-1668.0,-390.0,141.0,
ragunda,eː,3,145.0,241.0,-1893.0,-514.0,241.0,
ragunda,oː,3,145.0,241.0,-795.0,-486.0,241.0,
ragunda,uː,3,145.0,241.0,-1003.0,-420.5,241.0,
ragunda,yː,3,145.0,241.0,-2041.0,-412.0,241.0,
ragunda,æː,3,145.0,241.0,-1578.0,-620.0,241.0,
ragunda,øː,3,145.0,241.0,-1295.0,-566.0,241.0,
ragunda,ɑː,3,145.0,241.0,-891.0,-554.0,241.0,
ragunda,ʉ̟ː,3,145.0,241.0,-1566.0,-427.0,241.0,
rimforsa,eː,3,134.0,437.0,-1925.0,-448.0,437.0,
rimforsa,oː,3,134.0,437.0,-789.5,-436.0,437.0,
rimforsa,uː,3,134.0,437.0,-886.5,-462.0,437.0,
rimforsa,yː,3,134.0,437.0,-1781.5,-431.5,437.0,
rimforsa,æː,3,134.0,437.0,-1596.0,-641.5,437.0,
rimforsa,øː,3,134.0,437.0,-1269.0,-589.0,437.0,
rimforsa,ɑː,3,134.0,437.0,-928.0,-567.0,437.0,
rimforsa,ʉ̟ː,3,134.0,437.0,-1628.5,-436.5,437.0,
s_finnskoga,eː,3,74.0,333.0,-1841.0,-455.0,333.0,
s_finnskoga,oː,3,74.0,333.0,-759.5,-449.5,333.0,
s_finnskoga,uː,3,74.0,333.0,-663.0,-376.0,333.0,
s_finnskoga,yː,3,74.0,333.0,-1926.5,-381.5,333.0,
s_finnskoga,æː,3,74.0,333.0,-1994.0,-642.0,333.0,
s_finnskoga,øː,3,74.0,333.0,-1586.0,-504.0,333.0,
s_finnskoga,ɑː,3,74.0,333.0,-811.5,-563.0,333.0,
s_finnskoga,ʉ̟ː,3,74.0,333.0,-1609.0,-384.0,333.0,
s_mellosa,eː,3,129.0,395.0,-2338.5,-407.0,395.0,
s_mellosa,oː,3,129.0,395.0,-709.5,-419.0,395.0,
s_mellosa,uː,3,129.0,395.0,-939.0,-405.0,395.0,
s_mellosa,yː,3,129.0,395.0,-1830.0,-400.0,395.0,
s_mellosa,æː,3,129.0,395.0,-1806.0,-636.0,395.0,
s_mellosa,øː,3,129.0,395.0,-1423.0,-577.0,395.0,
s_mellosa,ɑː,3,129.0,395.0,-936.0,-568.0,395.0,
s_mellosa,ʉ̟ː,3,129.0,395.0,-1628.0,-421.0,395.0,
segerstad,eː,3,153.0,510.0,-2049.0,-468.0,510.0,
segerstad,oː,3,153.0,510.0,-822.0,-435.0,510.0,
segerstad,uː,3,153.0,510.0,-828.0,-430.0,510.0,
segerstad,yː,3,153.0,510.0,-2053.0,-363.0,510.0,
segerstad,æː,3,153.0,510.0,-1639.5,-582.0,510.0,
segerstad,øː,3,153.0,510.0,-1586.0,-469.0,510.0,
segerstad,ɑː,3,153.0,510.0,-974.0,-525.0,510.0,
segerstad,ʉ̟ː,3,153.0,510.0,-1641.5,-409.5,510.0,
skee,eː,3,42.0,404.0,-2034.0,-425.5,404.0,
skee,oː,3,42.0,404.0,-691.5,-361.0,404.0,
skee,uː,3,42.0,404.0,-620.0,-342.0,404.0,
skee,yː,3,42.0,404.0,-1736.0,-339.0,404.0,
skee,æː,3,42.0,404.0,-1842.0,-539.0,404.0,
skee,øː,3,42.0,404.0,-1495.5,-459.0,404.0,
skee,ɑː,3,42.0,404.0,-802.0,-504.5,404.0,
skee,ʉ̟ː,3,42.0,404.0,-1654.0,-343.0,404.0,
skinnskatteberg,eː,2,135.0,371.0,-1556.0,-462.5,371.0,
skinnskatteberg,oː,2,135.0,371.0,-796.25,-430.75,371.0,
skinnskatteberg,uː,2,135.0,371.0,-1112.75,-357.25,371.0,
skinnskatteberg,yː,2,135.0,371.0,-1786.75,-346.5,371.0,
skinnskatteberg,æː,2,135.0,371.0,-1374.5,-604.0,371.0,
skinnskatteberg,øː,2,135.0,371.0,-1394.5,-501.25,371.0,
skinnskatteberg,ɑː,2,135.0,371.0,-980.0,-590.5,371.0,
skinnskatteberg,ʉ̟ː,2,135.0,371.0,-1567.75,-363.0,371.0,
skog,eː,3,157.0,317.0,-1950.0,-469.0,317.0,
skog,oː,3,157.0,317.0,-755.0,-473.0,317.0,
skog,uː,3,157.0,317.0,-727.0,-424.0,317.0,
skog,yː,3,157.0,317.0,-2008.0,-404.0,317.0,
skog,æː,3,157.0,317.0,-1635.0,-628.0,317.0,
skog,øː,3,157.0,317.0,-1558.0,-533.0,317.0,
skog,ɑː,3,157.0,317.0,-905.0,-568.0,317.0,
skog,ʉ̟ː,3,157.0,317.0,-1623.0,-405.0,317.0,
skuttunge,eː,2,171.0,364.0,-1773.25,-489.0,364.0,
skuttunge,oː,2,171.0,364.0,-766.5,-395.25,364.0,
skuttunge,uː,2,171.0,364.0,-787.25,-305.75,364.0,
skuttunge,yː,2,171.0,364.0,-2023.5,-312.5,364.0,
skuttunge,æː,2,171.0,364.0,-1826.5,-569.5,364.0,
skuttunge,øː,2,171.0,364.0,-1447.25,-513.5,364.0,
skuttunge,ɑː,2,171.0,364.0,-996.5,-531.25,364.0,
skuttunge,ʉ̟ː,2,171.0,364.0,-1597.75,-327.25,364.0,
sorsele,eː,4,166.0,143.0,-1787.5,-512.5,143.0,
sorsele,oː,4,166.0,143.0,-901.5,-492.5,143.0,
sorsele,uː,4,166.0,143.0,-803.5,-421.0,143.0,
sorsele,yː,4,166.0,143.0,-1993.75,-395.5,143.0,
sorsele,æː,4,166.0,143.0,-1591.5,-715.25,143.0,
sorsele,øː,4,166.0,143.0,-1627.5,-535.5,143.0,
sorsele,ɑː,4,166.0,143.0,-947.5,-660.25,143.0,
sorsele,ʉ̟ː,4,166.0,143.0,-1620.75,-371.25,143.0,
sorunda,eː,2,181.0,406.0,-2143.25,-437.75,406.0,
sorunda,oː,2,181.0,406.0,-759.0,-376.75,406.0,
sorunda,uː,2,181.0,406.0,-879.75,-381.25,406.0,
sorunda,yː,2,181.0,406.0,-1895.75,-352.75,406.0,
sorunda,æː,2,181.0,406.0,-1681.0,-718.5,406.0,
sorunda,øː,2,181.0,406.0,-1450.0,-590.25,406.0,
sorunda,ɑː,2,181.0,406.0,-905.25,-567.75,406.0,
sorunda,ʉ̟ː,2,181.0,406.0,-1579.25,-396.25,406.0,
st_anna,eː,4,157.0,436.0,-2063.75,-413.5,436.0,
st_anna,oː,4,157.0,436.0,-755.0,-433.25,436.0,
st_anna,uː,4,157.0,436.0,-853.5,-435.5,436.0,
st_anna,yː,4,157.0,436.0,-1939.75,-421.5,436.0,
st_anna,æː,4,157.0,436.0,-1635.0,-628.75,436.0,
st_anna,øː,4,157.0,436.0,-1266.25,-583.5,436.0,
st_anna,ɑː,4,157.0,436.0,-921.0,-560.0,436.0,
st_anna,ʉ̟ː,4,157.0,436.0,-1634.75,-431.75,436.0,
stenberga,eː,3,128.0,474.0,-1934.0,-447.0,474.0,
stenberga,oː,3,128.0,474.0,-805.0,-421.0,474.0,
stenberga,uː,3,128.0,474.0,-889.0,-404.0,474.0,
stenberga,yː,3,128.0,474.0,-1862.0,-368.0,474.0,
stenberga,æː,3,128.0,474.0,-1994.0,-571.0,474.0,
stenberga,øː,3,128.0,474.0,-1565.0,-466.0,474.0,
stenberga,ɑː,3,128.0,474.0,-906.0,-595.0,474.0,
stenberga,ʉ̟ː,3,128.0,474.0,-1567.0,-375.0,474.0,
storsjo,eː,3,87.0,251.0,-2164.0,-487.5,251.0,
storsjo,oː,3,87.0,251.0,-766.0,-482.0,251.0,
storsjo,uː,3,87.0,251.0,-775.0,-414.5,251.0,
storsjo,yː,3,87.0,251.0,-2159.0,-365.0,251.0,
storsjo,æː,3,87.0,251.0,-1649.0,-679.0,251.0,
storsjo,øː,3,87.0,251.0,-1142.0,-479.0,251.0,
storsjo,ɑː,3,87.0,251.0,-919.0,-572.5,251.0,
storsjo,ʉ̟ː,3,87.0,251.0,-1618.0,-391.5,251.0,
strom,eː,3,132.0,211.0,-2010.0,-448.0,211.0,
strom,oː,3,132.0,211.0,-762.0,-464.0,211.0,
strom,uː,3,132.0,211.0,-697.0,-446.0,211.0,
strom,yː,3,132.0,211.0,-2130.0,-366.0,211.0,
strom,æː,3,132.0,211.0,-1656.5,-648.5,211.0,
strom,øː,3,132.0,211.0,-1106.0,-477.0,211.0,
strom,ɑː,3,132.0,211.0,-920.0,-579.0,211.0,
strom,ʉ̟ː,3,132.0,211.0,-1768.5,-359.0,211.0,
tjallmo,eː,3,128.0,416.0,-2248.5,-413.0,416.0,
tjallmo,oː,3,128.0,416.0,-712.0,-412.0,416.0,
tjallmo,uː,3,128.0,416.0,-755.5,-435.0,416.0,
tjallmo,yː,3,128.0,416.0,-2070.0,-390.0,416.0,
tjallmo,æː,3,128.0,416.0,-1675.5,-575.0,416.0,
tjallmo,øː,3,128.0,416.0,-1315.0,-569.0,416.0,
tjallmo,ɑː,3,128.0,416.0,-853.0,-543.0,416.0,
tjallmo,ʉ̟ː,3,128.0,416.0,-1532.0,-394.0,416.0,
torhamn,eː,3,135.0,521.0,-2135.0,-469.0,521.0,
torhamn,oː,3,135.0,521.0,-803.0,-458.0,521.0,
torhamn,uː,3,135.0,521.0,-765.0,-396.0,521.0,
torhamn,yː,3,135.0,521.0,-2054.0,-388.0,521.0,
torhamn,æː,3,135.0,521.0,-1949.0,-593.0,521.0,
torhamn,øː,3,135.0,521.0,-1619.0,-525.5,521.0,
torhamn,ɑː,3,135.0,521.0,-921.5,-589.0,521.0,
torhamn,ʉ̟ː,3,135.0,521.0,-1888.5,-387.0,521.0,
torp,eː,2,145.0,265.0,-2006.5,-396.0,265.0,
torp,oː,2,145.0,265.0,-773.0,-440.0,265.0,
torp,uː,2,145.0,265.0,-801.25,-418.25,265.0,
torp,yː,2,145.0,265.0,-1876.0,-363.75,265.0,
torp,æː,2,145.0,265.0,-1756.5,-592.75,265.0,
torp,øː,2,145.0,265.0,-1543.25,-554.25,265.0,
torp,ɑː,2,145.0,265.0,-961.75,-582.75,265.0,
torp,ʉ̟ː,2,145.0,265.0,-1626.75,-364.5,265.0,
torsas,eː,3,144.0,504.0,-1902.0,-473.0,504.0,
torsas,oː,3,144.0,504.0,-874.0,-441.5,504.0,
torsas,uː,3,144.0,504.0,-981.5,-399.0,504.0,
torsas,yː,3,144.0,504.0,-1807.5,-364.0,504.0,
torsas,æː,3,144.0,504.0,-1548.0,-661.0,504.0,
torsas,øː,3,144.0,504.0,-1607.0,-506.0,504.0,
torsas,ɑː,3,144.0,504.0,-965.5,-551.0,504.0,
torsas,ʉ̟ː,3,144.0,504.0,-1716.0,-387.0,504.0,
torso,eː,3,95.0,414.0,-2125.0,-408.0,414.0,
torso,oː,3,95.0,414.0,-700.0,-430.0,414.0,
torso,uː,3,95.0,414.0,-737.0,-366.0,414.0,
torso,yː,3,95.0,414.0,-2181.0,-346.0,414.0,
torso,æː,3,95.0,414.0,-1737.5,-603.0,414.0,
torso,øː,3,95.0,414.0,-1549.5,-464.5,414.0,
torso,ɑː,3,95.0,414.0,-817.0,-512.0,414.0,
torso,ʉ̟ː,3,95.0,414.0,-1637.0,-378.5,414.0,
v_vingaker,eː,3,139.0,402.0,-2044.0,-432.0,402.0,
v_vingaker,oː,3,139.0,402.0,-697.5,-431.0,402.0,
v_vingaker,uː,3,139.0,402.0,-707.0,-406.5,402.0,
v_vingaker,yː,3,139.0,402.0,-2094.0,-377.0,402.0,
v_vingaker,æː,3,139.0,402.0,-1674.0,-619.0,402.0,
v_vingaker,øː,3,139.0,402.0,-1424.5,-520.0,402.0,
v_vingaker,ɑː,3,139.0,402.0,-869.5,-544.0,402.0,
v_vingaker,ʉ̟ː,3,139.0,402.0,-1664.0,-371.0,402.0,
vackelsang,eː,3,116.0,500.0,-1891.0,-440.0,500.0,
vackelsang,oː,3,116.0,500.0,-858.5,-478.0,500.0,
vackelsang,uː,3,116.0,500.0,-1083.0,-447.0,500.0,
vackelsang,yː,3,116.0,500.0,-1683.0,-419.0,500.0,
vackelsang,æː,3,116.0,500.0,-1793.0,-633.0,500.0,
vackelsang,øː,3,116.0,500.0,-1557.0,-439.0,500.0,
vackelsang,ɑː,3,116.0,500.0,-925.5,-585.0,500.0,
vackelsang,ʉ̟ː,3,116.0,500.0,-1496.0,-421.0,500.0,
vaxtorp,eː,3,78.0,504.0,-1877.5,-518.5,504.0,
vaxtorp,oː,3,78.0,504.0,-860.5,-500.0,504.0,
vaxtorp,uː,3,78.0,504.0,-1009.0,-452.0,504.0,
vaxtorp,yː,3,78.0,504.0,-1928.0,-422.0,504.0,
vaxtorp,æː,3,78.0,504.0,-1715.0,-674.0,504.0,
vaxtorp,øː,3,78.0,504.0,-1525.0,-521.5,504.0,
vaxtorp,ɑː,3,78.0,504.0,-903.0,-579.0,504.0,
vaxtorp,ʉ̟ː,3,78.0,504.0,-1776.0,-398.0,504.0,
vemdalen,eː,3,102.0,266.0,-2084.5,-470.5,266.0,
vemdalen,oː,3,102.0,266.0,-728.0,-454.0,266.0,
vemdalen,uː,3,102.0,266.0,-712.0,-436.0,266.0,
vemdalen,yː,3,102.0,266.0,-1940.0,-381.0,266.0,
vemdalen,æː,3,102.0,266.0,-1765.0,-641.0,266.0,
vemdalen,øː,3,102.0,266.0,-1159.0,-511.0,266.0,
vemdalen,ɑː,3,102.0,266.0,-845.5,-530.0,266.0,
vemdalen,ʉ̟ː,3,102.0,266.0,-1061.0,-361.0,266.0,
viby,eː,2,116.0,402.0,-2231.5,-392.75,402.0,
viby,oː,2,116.0,402.0,-724.0,-430.0,402.0,
viby,uː,2,116.0,402.0,-923.5,-397.75,402.0,
viby,yː,2,116.0,402.0,-1727.75,-379.75,402.0,
viby,æː,2,116.0,402.0,-1803.0,-679.5,402.0,
viby,øː,2,116.0,402.0,-1442.25,-626.25,402.0,
viby,ɑː,2,116.0,402.0,-886.25,-614.5,402.0,
viby,ʉ̟ː,2,116.0,402.0,-1601.5,-442.5,402.0,
vilhelmina,eː,1,152.0,178.0,-2042.0,-432.5,178.0,
vilhelmina,oː,1,152.0,178.0,-748.0,-467.0,178.0,
vilhelmina,uː,1,152.0,178.0,-1326.0,-419.0,178.0,
vilhelmina,yː,1,152.0,178.0,-2022.0,-339.0,178.0,
vilhelmina,æː,1,152.0,178.0,-1683.0,-624.0,178.0,
vilhelmina,øː,1,152.0,178.0,-1621.0,-455.0,178.0,
vilhelmina,ɑː,1,152.0,178.0,-893.0,-588.0,178.0,
vilhelmina,ʉ̟ː,1,152.0,178.0,-1721.0,-352.0,178.0,
villberga,eː,3,166.0,379.0,-2064.0,-487.5,379.0,
villberga,oː,3,166.0,379.0,-708.5,-449.0,379.0,
villberga,uː,3,166.0,379.0,-723.0,-343.0,379.0,
villberga,yː,3,166.0,379.0,-2113.5,-390.5,379.0,
villberga,æː,3,166.0,379.0,-1661.0,-620.0,379.0,
villberga,øː,3,166.0,379.0,-1421.0,-538.0,379.0,
villberga,ɑː,3,166.0,379.0,-878.5,-561.0,379.0,
villberga,ʉ̟ː,3,166.0,379.0,-1552.0,-407.0,379.0,
