village,geo_x,geo_y,geographic_position,geographic_group,median_unwrapped_angle_deg,median_pair_distance,pair,first_vowel,second_vowel
ankarsrum,149.0,456.0,94.43409687486621,Centre,-135.11293752536744,32.63928213625,oː->ɑː,oː,ɑː
anundsjo,182.0,230.0,322.74929689041943,North,-95.5893955105428,19.76577685292054,oː->ɑː,oː,ɑː
are,89.0,227.0,309.8163893481515,North,-115.92324219967819,27.67974746424969,oː->ɑː,oː,ɑː
arjeplog,171.0,122.0,427.2821082142336,North,-125.55958394649949,19.622666623024,oː->ɑː,oː,ɑː
arstad,70.0,485.0,52.36353118905221,South,-85.31781466856987,20.361289738586876,oː->ɑː,oː,ɑː
arsunda,156.0,343.0,206.96864741095214,North,-128.72577563870917,18.4717691356446,oː->ɑː,oː,ɑː
asby,125.0,446.0,100.186736530837,Centre,-128.15968882463898,23.884392391034506,oː->ɑː,oː,ɑː
aspas,112.0,229.0,311.77528251009113,North,-114.4400208205937,26.10035129708317,oː->ɑː,oː,ɑː
bara,79.0,539.0,0.6950911219785691,South,-1.4663570030835729,16.242958420726296,oː->ɑː,oː,ɑː
bengtsf,62.0,401.0,133.76174405913517,Centre,-116.27035515987134,20.854456811727268,oː->ɑː,oː,ɑː
berg,112.0,252.0,289.11343963427134,North,-109.51121886433427,23.60941250979667,oː->ɑː,oː,ɑː
bjurholm,197.0,211.0,344.0326593930225,North,-114.46175491527117,23.031172198552223,oː->ɑː,oː,ɑː
boda,163.0,475.0,78.10530644374003,Centre,-139.8060901913061,35.398597652558685,oː->ɑː,oː,ɑː
bredsattra,158.0,489.0,63.4569046509324,South,-150.58833128358225,29.731135514876907,oː->ɑː,oː,ɑː
broby,99.0,510.0,32.68566535202928,South,-148.69337164009747,28.018262421784733,oː->ɑː,oː,ɑː
burseryd,84.0,478.0,61.65247618276582,South,-107.18227653030864,19.487310099797263,oː->ɑː,oː,ɑː
burtrask,222.0,177.0,381.8039577688209,North,-155.83299842033227,56.321095732029214,oː->ɑː,oː,ɑː
dalby,82.0,336.0,201.22302887742558,North,-118.95018442402832,22.56033688259767,oː->ɑː,oː,ɑː
floby,85.0,439.0,100.24992663283506,Centre,-118.91078143508011,35.54235155821019,oː->ɑː,oː,ɑː
frandef,63.0,423.0,112.25604601246488,Centre,-141.01994174215184,22.58797028740114,oː->ɑː,oː,ɑː
frillesas,58.0,470.0,65.09282618043753,South,-113.2497748603286,20.241026370695696,oː->ɑː,oː,ɑː
grangarde,119.0,354.0,189.80902415725896,North,-126.86334326689828,22.60231233196531,oː->ɑː,oː,ɑː
graso,189.0,350.0,205.70952611928726,North,-136.33779871177538,33.445919416748474,oː->ɑː,oː,ɑː
hammaro,90.0,391.0,148.3984439812024,Centre,-131.01636541779155,27.39722782259668,oː->ɑː,oː,ɑː
hamneda,93.0,496.0,45.45474670393189,South,-134.50518750595253,14.394176180017713,oː->ɑː,oː,ɑː
haraker,149.0,373.0,176.21379073108554,North,-127.90468911298822,26.483787677543845,oː->ɑː,oː,ɑː
jamshog,108.0,514.0,30.28210110195524,South,-163.77605531042514,33.15971813718774,oː->ɑː,oː,ɑː
jarnboas,117.0,378.0,165.82018913948008,North,-135.37888495898105,37.78051892841416,oː->ɑː,oː,ɑː
jarsnas,113.0,452.0,92.22478367908248,Centre,-130.68213125157644,28.000312271122517,oː->ɑː,oː,ɑː
karna,53.0,448.0,85.9151349758696,Centre,-117.43738264179112,19.268129270595796,oː->ɑː,oː,ɑː
karsta,186.0,377.0,178.59395123967883,North,-133.16049483871183,37.52544242096838,oː->ɑː,oː,ɑː
korsberga,100.0,432.0,109.7097189393582,Centre,-118.50481474551756,31.653593607864096,oː->ɑː,oː,ɑː
kramfors,173.0,248.0,303.4763157810137,North,-113.31309724570613,23.27563779555242,oː->ɑː,oː,ɑː
lanna,161.0,393.0,158.55800815800026,Centre,-124.42009509140888,37.21984520334603,oː->ɑː,oː,ɑː
leksand,120.0,335.0,208.70052428052836,North,-130.30656606904023,28.09509773904277,oː->ɑː,oː,ɑː
loderup,98.0,543.0,0.0,South,-23.57216014478749,24.71769811064614,oː->ɑː,oː,ɑː
malung,96.0,337.0,202.62959374041924,North,-134.07624512173604,31.767749573589548,oː->ɑː,oː,ɑː
n_rorum,84.0,522.0,18.299385463806168,South,-50.63744394740101,19.85278634709503,oː->ɑː,oː,ɑː
nora,160.0,357.0,193.85787143343043,North,-153.85963766867047,36.42630676872094,oː->ɑː,oː,ɑː
nysatra,228.0,188.0,371.9907689659383,North,-132.46031522058857,34.15384276272662,oː->ɑː,oː,ɑː
ockelbo,156.0,328.0,221.748110156052,North,-139.0581576289966,37.484358382789004,oː->ɑː,oː,ɑː
orust,49.0,436.0,97.05531592071132,Centre,-102.44797872636403,20.367235747374487,oː->ɑː,oː,ɑː
ossjo,74.0,515.0,23.48799495009064,South,-93.48454371707086,13.441913885578645,oː->ɑː,oː,ɑː
ostad,63.0,445.0,90.57950065298506,Centre,-132.86144177751055,27.42162882373433,oː->ɑː,oː,ɑː
ovanaker,140.0,310.0,236.74990844521912,North,-103.7889620905209,21.900479078851493,oː->ɑː,oː,ɑː
oxaback,71.0,468.0,69.28443627964162,South,-130.05552079503855,24.447644254006516,oː->ɑː,oː,ɑː
pitea,233.0,141.0,419.15398879796567,North,-126.7121222774218,22.450465108599865,oː->ɑː,oː,ɑː
ragunda,145.0,241.0,305.5896736367263,North,-127.92822906401355,21.30822120022552,oː->ɑː,oː,ɑː
rimforsa,134.0,437.0,110.59203999318285,Centre,-150.5421819357506,29.30937394535634,oː->ɑː,oː,ɑː
s_finnskoga,74.0,333.0,202.8121429239692,North,-140.30427981234098,31.208367363610726,oː->ɑː,oː,ɑː
s_mellosa,129.0,395.0,151.12029911541478,Centre,-112.00988426624829,31.8023838257757,oː->ɑː,oː,ɑː
sarna,87.0,296.0,241.489166095073,North,-150.76355944099979,42.306690759165214,oː->ɑː,oː,ɑː
segerstad,153.0,510.0,41.911420243744836,South,-149.5581240845702,33.21097611869756,oː->ɑː,oː,ɑː
skee,42.0,404.0,127.38890525392424,Centre,-129.58732373898312,21.550026468636187,oː->ɑː,oː,ɑː
skinnskatteberg,135.0,371.0,175.79252338443186,North,-161.56678770225008,46.38559487146577,oː->ɑː,oː,ɑː
skog,157.0,317.0,232.75723014860148,North,-120.71503218299503,24.671486643521245,oː->ɑː,oː,ɑː
skuttunge,171.0,364.0,188.8401092599555,North,-143.69439671436675,38.537024330633216,oː->ɑː,oː,ɑː
sorsele,166.0,143.0,405.736623807046,North,-104.63756265494084,21.649253184826115,oː->ɑː,oː,ɑː
sorunda,181.0,406.0,149.16608670177132,Centre,-116.27520835292225,31.527823309993217,oː->ɑː,oː,ɑː
st_anna,157.0,436.0,115.50682570414243,Centre,-131.46557283110468,29.534586331956454,oː->ɑː,oː,ɑː
stenberga,128.0,474.0,73.11094801174586,South,-128.55036722733456,31.87376953544506,oː->ɑː,oː,ɑː
storsjo,87.0,251.0,285.8275543303726,North,-124.71084556368558,23.04925738033177,oː->ɑː,oː,ɑː
strom,132.0,211.0,332.92758406040195,North,-137.8979271057814,32.01896932744941,oː->ɑː,oː,ɑː
tjallmo,128.0,416.0,130.2582039594654,Centre,-123.60174092170936,31.4361171348602,oː->ɑː,oː,ɑː
torhamn,135.0,521.0,27.997895933433075,South,-58.85951174084963,18.188583761506997,oː->ɑː,oː,ɑː
torp,145.0,265.0,281.9425332445665,North,-116.46241247564916,35.4475814002341,oː->ɑː,oː,ɑː
torsas,144.0,504.0,46.285579526498864,South,-119.69089935207683,17.839932612012383,oː->ɑː,oː,ɑː
torso,95.0,414.0,126.59083766943033,Centre,-103.40262070656658,25.782165985166493,oː->ɑː,oː,ɑː
v_vingaker,139.0,402.0,145.93168962913032,Centre,-117.27828654040687,28.78862647914368,oː->ɑː,oː,ɑː
vackelsang,116.0,500.0,45.44304483319151,South,-141.31792942087804,20.9471879832398,oː->ɑː,oː,ɑː
vaxtorp,78.0,504.0,35.00965688106874,South,-85.98911114285485,14.525241168480312,oː->ɑː,oː,ɑː
vemdalen,102.0,266.0,273.610801277416,North,-114.27150137561748,22.5221405497723,oː->ɑː,oː,ɑː
viby,116.0,402.0,142.0022014345107,Centre,-118.93229943042395,32.348791808302025,oː->ɑː,oː,ɑː
vilhelmina,152.0,178.0,368.85934835581264,North,-128.0534271494623,29.43569871265235,oː->ɑː,oː,ɑː
villberga,166.0,379.0,173.2064099508079,North,-129.04848362274092,28.82665728201513,oː->ɑː,oː,ɑː
vindeln,212.0,194.0,363.3454268629456,North,-137.59241404795978,30.542232486372324,oː->ɑː,oː,ɑː
