village,geo_x,geo_y,geo_position,geographic_group,first_x,first_y,second_x,second_y
ankarsrum,149.0,456.0,456.0,,-16.893441077711778,11.287031744956664,-22.118075018711103,-19.136580411795627
anundsjo,182.0,230.0,230.0,,-12.295127371867402,17.82208417978942,-25.510244945021338,9.088005069385797
are,89.0,227.0,227.0,,4.679689482765047,27.751054519791296,-10.986433476012163,-11.325778076654995
arjeplog,171.0,122.0,122.0,,9.212595454156865,21.692386546158644,-13.91960518486879,6.313038718231336
arstad,70.0,485.0,485.0,,-2.8092021623296537,0.5938683067374321,8.739276910008554,-8.800995116322047
arsunda,156.0,343.0,343.0,,9.948831219936745,21.653532084080908,-14.48478810806196,-11.684043477153839
asby,125.0,446.0,446.0,,-14.725142267877004,2.443460868986887,-10.801902484988986,-13.34786283500722
aspas,112.0,229.0,229.0,,2.109805152278547,22.021186358395163,-13.13803533959128,-2.645380523487264
bara,79.0,539.0,539.0,,-0.0309647136704726,5.4001209755136,-6.5442254586385324,-11.216513885937578
bengtsf,62.0,401.0,401.0,,5.15888161933699,14.989953915363026,-9.460758169615255,3.336354614340817
berg,112.0,252.0,252.0,,-15.489400405052184,10.807531680648893,-15.568941239467904,-8.399424761429616
bjurholm,197.0,211.0,211.0,,3.6416216710339997,23.37216703005833,-11.667849661019904,0.6292489784826294
boda,163.0,475.0,475.0,,-8.374053169497872,5.290426345729,-23.144360200842087,-5.041277715988592
bredsattra,158.0,489.0,489.0,,-4.99514385211817,16.096009755194558,-25.79782787919857,-0.15951276953550475
broby,99.0,510.0,510.0,,-6.776596236055129,14.145406516758147,1.3138333223218202,4.009896695978363
burseryd,84.0,478.0,478.0,,1.6852784179195344,18.15780994600709,-0.23094009128092674,5.013387285492521
burtrask,222.0,177.0,177.0,,1.9967313619561704,10.94553864510688,-18.757446971041222,-6.627311488306269
dalby,82.0,336.0,336.0,,-2.7837890647600063,13.086397789158333,-15.83948666455167,-0.9937846781060209
floby,85.0,439.0,439.0,,-0.4135134719188587,21.36825556486572,-12.519171119935182,16.48512450963028
frandef,63.0,423.0,423.0,,-13.056577039058324,15.09171972130465,-23.23324110036217,3.405552052089522
frillesas,58.0,470.0,470.0,,-13.353997581177424,3.938315350660551,-0.20851377673823457,-14.723589388379828
grangarde,119.0,354.0,354.0,,-1.6807373698089672,9.034005767880672,-31.231449006750886,-7.968976783605069
graso,189.0,350.0,350.0,,12.65152171523756,18.086534304660624,-4.555156467297565,-13.542019332487868
hammaro,90.0,391.0,391.0,,-13.135954757851373,8.250611841896841,0.6799516319817578,-18.51718367542328
hamneda,93.0,496.0,496.0,,-10.608690937498132,16.276534591544408,-21.533782202805284,-1.1452773794961049
haraker,149.0,373.0,373.0,,15.143722974544,7.524717803274685,-4.116764515763898,-8.522994924437375
jamshog,108.0,514.0,514.0,,2.0381950052356856,10.043665525413752,8.459873780883811,-2.38288073742428
jarnboas,117.0,378.0,378.0,,12.721371110251908,5.996003968119133,-9.026156546826202,-6.712055021516427
jarsnas,113.0,452.0,452.0,,-2.164365352607588,6.525492959459266,-4.437658789951955,-7.6520673825746135
karna,53.0,448.0,448.0,,-17.625559260636763,14.580095385987281,-16.07939329904898,-11.613286595330068
karsta,186.0,377.0,377.0,,0.4241234817999233,17.970288541314936,-3.1615825848141146,4.484233239061657
korsberga,100.0,432.0,432.0,,-3.6831432297953204,14.019409702972103,-19.122776545987833,1.8530831551465798
kramfors,173.0,248.0,248.0,,-7.676210667634199,16.31915464946829,-19.989086434820216,-0.2567942982521034
lanna,161.0,393.0,393.0,,-3.0693600077001078,7.0736270931603595,-5.990409929453551,-22.35707528555512
leksand,120.0,335.0,335.0,,-16.161602748567155,14.713710435208132,-37.21203085226487,-7.1841629877282385
loderup,98.0,543.0,543.0,,-1.4769886786575235,-8.513909082997808,-21.827545573599338,-25.000044188440025
malung,96.0,337.0,337.0,,27.658592088204625,20.070120074063187,-10.609333358979375,10.058543553361694
n_rorum,84.0,522.0,522.0,,7.541254113483857,9.559426898545874,-6.276727764655138,-5.744613495868377
nora,160.0,357.0,357.0,,13.689946053129992,21.595827071532167,-7.505712206253547,-7.567196209609763
nysatra,228.0,188.0,188.0,,1.6213674120701738,18.87333774705235,-17.407013425093332,-2.9886979915962684
ockelbo,156.0,328.0,328.0,,9.736742979207893,17.367225699285797,-20.40741642763887,-9.58047172210027
orust,49.0,436.0,436.0,,18.208442955436848,22.30174098980641,0.6569029889384428,2.7626669543423246
ossjo,74.0,515.0,515.0,,35.28564644471833,22.22453271202854,16.95866962824784,4.8989902686508735
ostad,63.0,445.0,445.0,,-10.579349881663717,18.32639143473638,-21.218984209418366,-7.765583975941338
ovanaker,140.0,310.0,310.0,,0.8433294060900216,16.9884140826722,-20.021215330942574,-8.3266681662276
oxaback,71.0,468.0,468.0,,5.3636447672646845,8.499807707800553,-23.13745303184698,3.7333342558527405
pitea,233.0,141.0,141.0,,-23.20563793919644,15.004261332871911,-34.97278926257959,-3.176462553110706
ragunda,145.0,241.0,241.0,,-22.713526269015674,8.002320486392595,-18.34859416802518,-18.068588692635153
rimforsa,134.0,437.0,437.0,,-8.698944930749136,7.786768125128715,-12.600529374663918,-19.987468743378066
s_finnskoga,74.0,333.0,333.0,,6.891838764892993,24.390932907736236,-1.505593261104992,-3.4418615732179267
s_mellosa,129.0,395.0,395.0,,19.551519360000835,12.231329495719802,-5.64782799602656,-12.732959074699975
segerstad,153.0,510.0,510.0,,4.461882137702985,15.132935503784985,-7.551281482744536,2.642550105601144
skee,42.0,404.0,404.0,,35.971640911219964,35.11123695161162,16.77660910820856,12.339636947405374
skinnskatteberg,135.0,371.0,371.0,,18.072105019141397,18.62615246059803,-0.7594183454985051,-3.1418513028217934
skog,157.0,317.0,317.0,,-6.917926039960386,15.238658457660701,-22.58574072209055,-5.924460227177294
skuttunge,171.0,364.0,364.0,,22.376140113730948,26.721620891407262,-0.17195527746851047,-5.20178855571403
sorsele,166.0,143.0,143.0,,-3.214716333805148,16.475726756095504,-22.155358679930572,-4.546678965590459
sorunda,181.0,406.0,406.0,,8.775019236495615,17.293878008246676,-1.7584206504672308,-8.965512135909263
st_anna,157.0,436.0,436.0,,-6.413535481074682,9.350759440338042,-10.72021466919984,-23.62487899568297
stenberga,128.0,474.0,474.0,,1.3673117955947134,11.134126170012085,-15.26411487901018,0.6316224877156409
storsjo,87.0,251.0,251.0,,-19.786628230321462,10.827703790521028,-0.23753747006901327,-11.491335924676417
strom,132.0,211.0,211.0,,1.9144664507423723,20.108852489430667,11.59134451114316,-7.07728998396492
tjallmo,128.0,416.0,416.0,,-9.331666399331358,14.3548547516265,-18.99261442883379,-19.78320897158749
torhamn,135.0,521.0,521.0,,4.759374009263132,20.689160513725184,-17.446925868306735,-1.1285218628098441
torp,145.0,265.0,265.0,,-7.659543073726571,15.85191546420879,-33.34075701001201,-12.299237045213534
torsas,144.0,504.0,504.0,,-10.449370683135704,18.822723840822448,-20.30358268431467,4.559116861168186
torso,95.0,414.0,414.0,,-2.6536709836195382,14.171958756203495,-16.17821485001484,2.6367819534478114
v_vingaker,139.0,402.0,402.0,,2.1979899552007147,17.648925217792666,8.00002270569979,-9.363511869744201
vackelsang,116.0,500.0,500.0,,-12.283199925103347,6.637004296752864,-33.03747662719485,9.789965296065024
vaxtorp,78.0,504.0,504.0,,-23.790286612843794,10.072256182050907,-32.76943784369347,-8.717447105617207
vemdalen,102.0,266.0,266.0,,22.361954087329373,15.46993157730408,6.420777067701351,-0.9445902603804563
viby,116.0,402.0,402.0,,-14.764703333953317,6.887364528797208,-23.389438487460406,-17.489511234577346
vilhelmina,152.0,178.0,178.0,,-14.408492998105249,17.86524572762808,-32.8246358421575,7.718976858852192
villberga,166.0,379.0,379.0,,23.41275069722581,19.01289872634296,1.8604021961041832,-7.067342461212692
