village,speaker,first_vowel,second_vowel,geo_x,geo_y,first_x,first_y,second_x,second_y,pair_dx,pair_dy,pair_length,directed_angle_from_horizontal_deg,geo_position,geographic_group
alvdalen,ym_1,uː,oː,105.0,315.0,29.54640832095361,10.79270634944425,10.450666729678446,2.317337443498827,-19.095741591275164,-8.475368905945423,20.892085224137457,-156.06665028456956,225.843764915185,North
alvdalen,ym_2,uː,oː,105.0,315.0,25.992975154777184,-0.3666879301753736,7.862951570971713,-4.01148248828957,-18.13002358380547,-3.644794558114196,18.492762976910765,-168.63298182417796,225.843764915185,North
ankarsrum,ym_1,uː,oː,149.0,456.0,2.864588539533037,-1.3467465854124416,32.5657438860615,6.378003104758601,29.70115534652846,7.724749690171043,30.689255231993066,14.578641816771896,94.43409687486621,Centre
ankarsrum,ym_2,uː,oː,149.0,456.0,29.50383620158264,-10.242059123419239,41.58775050479188,-1.504046519642673,12.083914303209237,8.738012603776566,14.91220470457212,35.87110950278241,94.43409687486621,Centre
ankarsrum,ym_3,uː,oː,149.0,456.0,32.89465930468906,-6.960713435129646,27.57658568905355,-9.691366137869522,-5.318073615635505,-2.730652702739876,5.978157840363458,-152.82102005802372,94.43409687486621,Centre
anundsjo,ym_1,uː,oː,182.0,230.0,5.820889248263188,8.309543483065012,19.424752264591607,7.96284708732445,13.603863016328418,-0.34669639574056177,13.608280102858245,-1.4598751355512851,322.74929689041943,North
anundsjo,ym_2,uː,oː,182.0,230.0,25.338736881880973,10.493914736805877,29.446740454125045,-5.885721758996479,4.108003572244073,-16.379636495802355,16.886923493762577,-75.92065478507993,322.74929689041943,North
anundsjo,ym_3,uː,oː,182.0,230.0,29.511494183240995,19.00257371995029,23.81757694194195,3.496010869381644,-5.693917241299044,-15.506562850568647,16.51890386767228,-110.16293347453956,322.74929689041943,North
are,ym_1,uː,oː,89.0,227.0,42.205567390580775,15.792018648379251,34.5122513788355,-3.3750901332561716,-7.693316011745274,-19.167108781635424,20.653454197872616,-111.86959560761449,309.8163893481515,North
are,ym_2,uː,oː,89.0,227.0,41.708593747776135,17.23809240071241,39.8351188598147,6.058286256417524,-1.8734748879614358,-11.179806144294886,11.335694666840485,-99.5130459006533,309.8163893481515,North
are,ym_3,uː,oː,89.0,227.0,33.57481543448138,10.688454360306665,20.676664165179055,5.200161474856124,-12.898151269302325,-5.488292885450541,14.017263105267455,-156.94976018851116,309.8163893481515,North
arjeplog,ym_1,uː,oː,171.0,122.0,19.64593564039806,1.110273691224002,17.05988383704929,-5.041828495241164,-2.58605180334877,-6.152102186465166,6.673531691863979,-112.79957397680046,427.2821082142336,North
arjeplog,ym_2,uː,oː,171.0,122.0,34.52817996837429,12.589482153410241,29.403022651052336,-5.768774195715241,-5.125157317321953,-18.358256349125483,19.060241701182722,-105.5983787627617,427.2821082142336,North
arjeplog,ym_3,uː,oː,171.0,122.0,36.7171562471553,12.814336461957815,22.630317622723133,-7.9823436867756445,-14.086838624432168,-20.796680148733458,25.118537529870608,-124.11214060665239,427.2821082142336,North
arstad,ym_1,uː,oː,70.0,485.0,24.75510809790194,0.6877517908490853,38.08555690402856,9.47723921216243,13.330448806126618,8.789487421313346,15.967340245081148,33.39902924854513,52.36353118905221,South
arstad,ym_2,uː,oː,70.0,485.0,-0.0792239481124879,-10.049147599073098,10.417310123800505,-24.337230582920498,10.496534071912993,-14.2880829838474,17.729256692713882,-53.69767236906485,52.36353118905221,South
arstad,ym_3,uː,oː,70.0,485.0,15.402558899042567,-3.281562591516348,53.03296965109272,4.447318530495638,37.63041075205015,7.728881122011986,38.41592660298857,11.606526458047526,52.36353118905221,South
arsunda,ym_1,uː,oː,156.0,343.0,49.75519628676095,18.92159448096063,26.109033164284,3.354312952470212,-23.64616312247695,-15.567281528490415,28.31044479696615,-146.64137871546475,206.96864741095214,North
arsunda,ym_2,uː,oː,156.0,343.0,26.850487348203824,-4.4310297857985725,30.05594182214358,-12.022270015281542,3.2054544739397564,-7.5912402294829695,8.240258891941506,-67.10775627651086,206.96864741095214,North
arsunda,ym_3,uː,oː,156.0,343.0,36.230527643527644,3.249144902531346,43.211032116862484,-8.317480854779795,6.98050447333484,-11.56662575731114,13.509784384361625,-58.88885234394362,206.96864741095214,North
asby,ym_1,uː,oː,125.0,446.0,22.81528913748818,-14.521550149795129,24.96892109513968,-7.401100349871504,2.153631957651502,7.120449799923625,7.439014448315733,73.17167593768337,100.186736530837,Centre
asby,ym_2,uː,oː,125.0,446.0,51.01724610588346,-6.45100813871123,49.59299979841256,5.4371327680003105,-1.424246307470895,11.888140906711541,11.97315212306988,96.83170010143333,100.186736530837,Centre
asby,ym_3,uː,oː,125.0,446.0,18.586216281768408,-10.158216376445466,40.566295323884,-5.398027520025822,21.98007904211559,4.760188856419644,22.489625889428012,12.219740542323532,100.186736530837,Centre
aspas,ym_1,uː,oː,112.0,229.0,21.17713028010255,11.929767995676523,26.646078197386657,-3.0221516151550762,5.468947917284108,-14.951919610831599,15.920718933852728,-69.90904949141616,311.77528251009113,North
aspas,ym_2,uː,oː,112.0,229.0,42.40297204135739,11.307619780869679,37.840276853981194,-1.6678227254737699,-4.5626951873761925,-12.975442506343448,13.754282809668057,-109.37375550766336,311.77528251009113,North
aspas,ym_3,uː,oː,112.0,229.0,37.96509766709579,18.005564483937484,41.23205774098653,9.768746949635766,3.2669600738907363,-8.236817534301718,8.86104910367708,-68.36529109963885,311.77528251009113,North
bara,ym_1,uː,oː,79.0,539.0,-3.232693627534391,-3.938968668515833,10.39997284734827,-15.132030818428893,13.632666474882662,-11.193062149913061,17.63899757659732,-39.387609653718954,0.6950911219785691,South
bara,ym_2,uː,oː,79.0,539.0,-1.273451386651181,13.270513620238795,-13.342031298581798,-8.096767636054727,-12.068579911930616,-21.367281256293523,24.539994486067183,-119.45845135316462,0.6950911219785691,South
bara,ym_3,uː,oː,79.0,539.0,21.668713312984124,-2.6412322829601718,8.843212787613357,-16.866471905953176,-12.825500525370767,-14.225239622993005,19.153352345160258,-132.03787481387965,0.6950911219785691,South
bengtsf,ym_1,uː,oː,62.0,401.0,37.24725377081913,7.461419105946852,30.527984920168365,-8.975405510683668,-6.719268850650764,-16.43682461663052,17.75718945568799,-112.23443013031977,133.76174405913517,Centre
bengtsf,ym_2,uː,oː,62.0,401.0,50.09936020556138,9.700645774834262,47.2794331162483,1.9401190127136558,-2.819927089313083,-7.760526762120606,8.25698276700587,-109.96952500248327,133.76174405913517,Centre
bengtsf,ym_3,uː,oː,62.0,401.0,45.13363992941399,12.314257092924331,42.596614405270515,8.34264119219688,-2.5370255241434734,-3.9716159007274516,4.712773214686507,-122.5700026707036,133.76174405913517,Centre
berg,ym_1,uː,oː,112.0,252.0,22.854609682852466,6.119868983721551,12.974134356704093,-4.7587462640727685,-9.880475326148373,-10.878615247794318,14.6958518766409,-132.24722072562426,289.11343963427134,North
berg,ym_2,uː,oː,112.0,252.0,51.98414266566782,13.346300048233049,33.95581385386228,-14.156727426223874,-18.028328811805537,-27.50302747445692,32.88521187414352,-123.24497877699903,289.11343963427134,North
berg,ym_3,uː,oː,112.0,252.0,35.57449094215052,14.519451866963127,29.01600536659472,3.8998783319731,-6.5584855755558,-10.619573534990028,12.481549387389135,-121.69884114191485,289.11343963427134,North
bjurholm,ym_1,uː,oː,197.0,211.0,23.189764112519384,1.0932472870448082,25.02937508843414,-10.184043594661162,1.8396109759147556,-11.27729088170597,11.426349293335761,-80.73521427089429,344.0326593930225,North
bjurholm,ym_2,uː,oː,197.0,211.0,23.044235192002247,0.715077072581937,23.491786811080217,-5.4833207857155895,0.44755161907797003,-6.198397858297526,6.214534452514257,-85.87015941658315,344.0326593930225,North
bjurholm,ym_3,uː,oː,197.0,211.0,52.64268699456083,7.579917507539305,47.28279015000057,-0.20702858392790136,-5.359896844560261,-7.786946091467206,9.453307548987468,-124.54034469677144,344.0326593930225,North
boda,ym_2,uː,oː,163.0,475.0,25.34531570693409,-3.0429093740554753,32.4057816981555,-4.491699530432525,7.06046599122141,-1.4487901563770498,7.207577466140004,-11.595986796432918,78.10530644374003,Centre
bredsattra,ym_1,uː,oː,158.0,489.0,16.00083593145157,9.859418972810344,24.96945550602137,0.03626218215900612,8.9686195745698,-9.823156790651337,13.301524213678524,-47.60367449858426,63.4569046509324,South
bredsattra,ym_2,uː,oː,158.0,489.0,22.03310248899902,-3.0363657912238877,39.5941446479404,-6.031315495854132,17.561042158941376,-2.9949497046302445,17.814598660687846,-9.678397301715261,63.4569046509324,South
bredsattra,ym_3,uː,oː,158.0,489.0,32.25237422940122,-5.449593548955546,22.690416033356854,-17.389482411610206,-9.561958196044365,-11.93988886265466,15.29679674296043,-128.6891943040221,63.4569046509324,South
broby,ym_1,uː,oː,99.0,510.0,-19.484408926703885,10.336221487383312,18.218485760886097,-1.9122648196716838,37.70289468758998,-12.248486307054996,39.64257414242439,-17.997351501828117,32.68566535202928,South
broby,ym_3,uː,oː,99.0,510.0,8.538270634485968,11.655237374854321,39.198922005353324,-9.602747735121579,30.660651370867356,-21.2579851099759,37.30921432329857,-34.734775605431494,32.68566535202928,South
burseryd,ym_1,uː,oː,84.0,478.0,44.0309449549016,4.627276525742696,45.21957050036575,3.085383372521405,1.1886255454641486,-1.5418931532212907,1.9468603399526736,-52.37183391559236,61.65247618276582,South
burseryd,ym_2,uː,oː,84.0,478.0,29.460557179124763,1.5801562846428916,31.421065980230786,-14.362442647026906,1.9605088011060232,-15.942598931669798,16.06269141381024,-82.98936531008141,61.65247618276582,South
burtrask,ym_1,uː,oː,222.0,177.0,52.47027167388234,1.4683699964804622,43.82743088349606,-5.868450917376178,-8.642840790386273,-7.33682091385664,11.337003045336496,-139.6724065444623,381.8039577688209,North
burtrask,ym_2,uː,oː,222.0,177.0,37.557409362650084,0.5333072488713793,44.43737367142996,-7.599434103469839,6.879964308779876,-8.132741352341219,10.652482846461938,-49.77015403684918,381.8039577688209,North
burtrask,ym_3,uː,oː,222.0,177.0,39.15224401462448,9.093993144489751,37.299947417592435,-3.7585704949714,-1.8522965970320442,-12.85256363946115,12.985353086835003,-98.20093407916701,381.8039577688209,North
dalby,ym_1,uː,oː,82.0,336.0,28.94731536597567,3.4730157329789613,25.669033994140193,-7.6533553406658985,-3.278281371835476,-11.12637107364486,11.599278512966423,-106.41711726115467,201.22302887742558,North
dalby,ym_2,uː,oː,82.0,336.0,41.00316524345562,16.537413916032904,38.40591680443268,5.871011093643226,-2.597248439022941,-10.666402822389678,10.978062152469787,-103.6850908941543,201.22302887742558,North
dalby,ym_3,uː,oː,82.0,336.0,25.161244108850806,7.3843585832358345,14.767819041339132,-15.823170161815913,-10.393425067511673,-23.207528745051746,25.428579887331168,-114.12508429829269,201.22302887742558,North
floby,ym_1,uː,oː,85.0,439.0,51.31355944007604,12.547770511918493,56.46553235073695,6.592125748432345,5.151972910660909,-5.9556447634861485,7.874803452850352,-49.13832256718634,100.24992663283506,Centre
floby,ym_2,uː,oː,85.0,439.0,31.10667836411738,10.364129684236428,39.26448866359698,12.729751448456451,8.1578102994796,2.3656217642200232,8.493882222732246,16.17123113246397,100.24992663283506,Centre
floby,ym_3,uː,oː,85.0,439.0,45.359456269932345,9.932830485905523,42.8792067748367,0.12147739466099072,-2.4802494950956415,-9.811353091244532,10.11999441892118,-104.1868024921114,100.24992663283506,Centre
frandef,ym_1,uː,oː,63.0,423.0,28.87331799827915,-0.44420918483122707,46.39459450919355,2.7837114460014316,17.521276510914404,3.2279206308326587,17.81613319917866,10.438478137629302,112.25604601246488,Centre
frandef,ym_2,uː,oː,63.0,423.0,18.936837079599627,-2.4950642139135533,21.6219116613383,-11.049870452109314,2.6850745817386716,-8.554806238195761,8.966288824400662,-72.5746285128702,112.25604601246488,Centre
frandef,ym_3,uː,oː,63.0,423.0,45.525155822996894,15.688462007770022,38.01663957291884,13.755590104372775,-7.508516250078053,-1.9328719033972472,7.753309620583243,-165.56412140448626,112.25604601246488,Centre
frandef,ym_4,uː,oː,63.0,423.0,34.65002011646391,7.151708540310638,42.978754288346764,3.2656786621302123,8.328734171882857,-3.886029878180426,9.190704060081588,-25.012867066795327,112.25604601246488,Centre
frillesas,ym_2,uː,oː,58.0,470.0,21.619881740551953,-4.750402451525601,26.753713694529523,-14.406588620581063,5.13383195397757,-9.656186169055463,10.936094452003383,-62.00209694366531,65.09282618043753,South
frillesas,ym_3,uː,oː,58.0,470.0,35.53749509126405,2.924249972708957,37.99830163185801,7.977483001222309,2.460806540593964,5.053233028513352,5.620563394419483,64.03499881075986,65.09282618043753,South
grangarde,ym_1,uː,oː,119.0,354.0,29.72666487168666,2.856553401470155,17.759728544849537,-5.20844663542471,-11.966936326837121,-8.065000036894865,14.430931731724328,-146.0223840798751,189.80902415725896,North
graso,ym_1,uː,oː,189.0,350.0,30.47915462209267,9.140784802270698,30.861692190517495,6.204324702036193,0.38253756842482645,-2.9364601002345045,2.961272177886662,-82.57778140529362,205.70952611928726,North
graso,ym_2,uː,oː,189.0,350.0,48.47636576190363,10.657486237592765,46.0172664031241,9.68695525204751,-2.4590993587795325,-0.9705309855452562,2.64369061167402,-158.46237307936957,205.70952611928726,North
graso,ym_3,uː,oː,189.0,350.0,55.8250411155807,20.005461339575014,61.147744694313914,5.106417784827494,5.322703578733211,-14.89904355474752,15.821272775390826,-70.34066260777435,205.70952611928726,North
hammaro,ym_1,uː,oː,90.0,391.0,22.33265117391548,-5.637637324396296,27.95075047616984,-19.003665614601744,5.618099302254361,-13.366028290205447,14.49875001593459,-67.20168172750495,148.3984439812024,Centre
hammaro,ym_2,uː,oː,90.0,391.0,40.92167800048149,14.597509586699587,39.049754298363226,0.7043391064305036,-1.8719237021182664,-13.893170480269085,14.01871193585104,-97.67364652116873,148.3984439812024,Centre
hammaro,ym_3,uː,oː,90.0,391.0,30.81984143044304,-6.37943674791882,32.05542825154059,-3.1954576112500375,1.2355868210975487,3.183979136668783,3.4153181308938168,68.79057324216325,148.3984439812024,Centre
hamneda,ym_1,uː,oː,93.0,496.0,19.34133530836056,-10.233403339298253,10.584463613655876,-16.34319492071947,-8.756871694704683,-6.1097915814212165,10.677656814391707,-145.0959807833897,45.45474670393189,South
hamneda,ym_2,uː,oː,93.0,496.0,27.061367883056437,9.558366425221122,46.13451567950975,-3.263717657221247,19.07314779645331,-12.82208408244237,22.982402117328242,-33.91129943316269,45.45474670393189,South
hamneda,ym_3,uː,oː,93.0,496.0,11.439661947929569,-10.656784523824953,19.790187952085923,-23.521534684369826,8.350526004156354,-12.864750160544872,15.337310104426095,-57.012345508227014,45.45474670393189,South
haraker,ym_1,uː,oː,149.0,373.0,39.20053676278897,9.325695952342638,36.80677371071353,-6.684146239100451,-2.3937630520754425,-16.009842191443088,16.187808639355506,-98.5037669731725,176.21379073108554,North
haraker,ym_2,uː,oː,149.0,373.0,61.179150688201204,15.628762711361905,60.93918163345091,4.24599052621709,-0.23996905475029706,-11.382772185144814,11.38530139109827,-91.20771789720605,176.21379073108554,North
haraker,ym_3,uː,oː,149.0,373.0,33.63717332758443,4.795512555486882,34.613888484368864,-4.619232509579655,0.9767151567844365,-9.414745065066537,9.465273220445734,-84.07714415578273,176.21379073108554,North
husby,ym_1,uː,oː,141.0,348.0,38.92286492105366,15.397511214900899,31.647789320137043,2.770201963258234,-7.275075600916615,-12.627309251642664,14.573114421278406,-119.94788911410066,199.47945013710896,North
jamshog,ym_1,uː,oː,108.0,514.0,5.801250588955458,-6.770049000525713,2.7923457694771523,-18.98255146315134,-3.008904819478306,-12.212502462625626,12.577707446602371,-103.84081668906569,30.28210110195524,South
jamshog,ym_2,uː,oː,108.0,514.0,-5.065329287084743,10.229454949693837,5.2187427101265484,-22.78626932777953,10.284071997211292,-33.01572427747337,34.58034393134299,-72.69870439160688,30.28210110195524,South
jamshog,ym_3,uː,oː,108.0,514.0,25.822346478819284,2.6656206969117093,40.40678681926128,9.764178028019098,14.584440340441994,7.098557331107388,16.220216281755622,25.95317219644929,30.28210110195524,South
jarnboas,ym_1,uː,oː,117.0,378.0,16.525283389227326,-5.626185900590753,51.350635281041924,5.347139402052058,34.8253518918146,10.97332530264281,36.51327159522049,17.48942541706636,165.82018913948008,North
jarnboas,ym_2,uː,oː,117.0,378.0,41.196168436090716,-14.057224585532285,62.812105309729304,5.670197965194344,21.61593687363859,19.72742255072663,29.26465320860724,42.384616582268535,165.82018913948008,North
jarnboas,ym_3,uː,oː,117.0,378.0,39.7896673251317,5.119494281514217,51.491922953784844,6.21195956712759,11.702255628653141,1.0924652856133727,11.753138610542056,5.333395447020315,165.82018913948008,North
jarsnas,ym_1,uː,oː,113.0,452.0,36.399013069809904,0.25201809996554636,43.8580147409311,-7.966940427288682,7.459001671121193,-8.218958527254228,11.09900829815501,-47.775122859748414,92.22478367908248,Centre
jarsnas,ym_2,uː,oː,113.0,452.0,42.27399100248915,0.6389354245475415,45.113799949807046,5.209425860028604,2.8398089473178985,4.570490435481063,5.380882611439379,58.14583933258884,92.22478367908248,Centre
jarsnas,ym_3,uː,oː,113.0,452.0,36.02522144619189,4.061415381621768,39.36210046252073,-0.6801156812134712,3.3368790163288367,-4.741531062835239,5.798006415091931,-54.86381850948647,92.22478367908248,Centre
karna,ym_1,uː,oː,53.0,448.0,25.866741937274995,-10.73442204231951,25.637469625293676,-14.016519124591436,-0.22927231198131892,-3.2820970822719264,3.2900952950483293,-93.99593015323572,85.9151349758696,Centre
karna,ym_2,uː,oː,53.0,448.0,36.54762682908971,0.3009708475878918,33.166627516659105,-9.34729819618132,-3.3809993124306033,-9.648269043769211,10.223514654540848,-109.31176112596084,85.9151349758696,Centre
karna,ym_3,uː,oː,53.0,448.0,2.396259809559509,-6.841883649185847,9.323203486705957,-15.357634530094806,6.926943677146448,-8.51575088090896,10.977274788036459,-50.874154701610564,85.9151349758696,Centre
karsta,ym_1,uː,oː,186.0,377.0,53.93405983844772,14.409754354199471,55.336307868509174,10.652683663808414,1.4022480300614504,-3.757070690391057,4.010221902888511,-69.53296333305683,178.59395123967883,North
karsta,ym_2,uː,oː,186.0,377.0,55.25935707359267,-0.7294145579856952,44.95060526951733,8.891436978948263,-10.308751804075335,9.620851536933959,14.100749911042001,136.976865276947,178.59395123967883,North
karsta,ym_3,uː,oː,186.0,377.0,46.40743880681531,12.893610968897745,53.8099785390055,5.319226261672523,7.402539732190192,-7.574384707225222,10.59098192707842,-45.65738194724541,178.59395123967883,North
korsberga,ym_1,uː,oː,100.0,432.0,31.20913969382041,5.252309773043163,30.037267398930275,3.1106144548569556,-1.171872294890136,-2.1416953181862075,2.4413405152644714,-118.6861737567264,109.7097189393582,Centre
korsberga,ym_2,uː,oː,100.0,432.0,37.91871156107156,6.056294291950557,46.2240344869884,-6.787033925828703,8.30532292591684,-12.84332821777926,15.294752976539531,-57.11069000402427,109.7097189393582,Centre
korsberga,ym_3,uː,oː,100.0,432.0,37.72212298970408,19.55179936681997,23.294352426592212,-1.2513484296781017,-14.42777056311187,-20.803147796498074,25.31662540041109,-124.74277281858826,109.7097189393582,Centre
kramfors,ym_1,uː,oː,173.0,248.0,51.09290459445931,3.8097587282849004,43.14135221146263,-6.32829539645766,-7.951552382996681,-10.13805412474256,12.884383056077999,-128.10805759117486,303.4763157810137,North
kramfors,ym_3,uː,oː,173.0,248.0,41.95855188722412,5.820616679972887,25.968489169134703,-4.4388175596933594,-15.990062718089415,-10.259434239666247,18.998370894539068,-147.3152361878172,303.4763157810137,North
kramfors,ym_4,uː,oː,173.0,248.0,12.362334369137006,-0.02653651633670845,18.405521047238913,1.4988606890062226,6.0431866781019075,1.525397205342931,6.232731492729042,14.16645483936979,303.4763157810137,North
lanna,ym_1,uː,oː,161.0,393.0,36.59868160691582,4.460064582473667,41.92354130852672,-2.8920814395972743,5.3248597016109045,-7.352146022070941,9.077895239079009,-54.08571755986763,158.55800815800026,Centre
lanna,ym_2,uː,oː,161.0,393.0,25.139787068919013,11.681969245526364,26.219173654124226,8.348530795546331,1.0793865852052136,-3.333438449980033,3.503838937526418,-72.05774787030727,158.55800815800026,Centre
leksand,ym_1,uː,oː,120.0,335.0,41.33945780929926,17.310979473094456,37.86428806139999,4.280142495813493,-3.4751697478992725,-13.030836977280963,13.486271430799068,-104.93256611629394,208.70052428052836,North
leksand,ym_2,uː,oː,120.0,335.0,17.31815275150528,-4.639776075720623,12.573780178124984,-14.324149238634137,-4.744372573380296,-9.684373162913513,10.784069485755488,-116.10022479687835,208.70052428052836,North
leksand,ym_3,uː,oː,120.0,335.0,45.73451192113476,4.475525688525169,47.66434688259713,-3.258053982110067,1.9298349614623689,-7.733579670635235,7.970728793563676,-75.98858242045662,208.70052428052836,North
leksand,ym_4,uː,oː,120.0,335.0,25.28140870011157,2.1609095420746836,21.17432500693862,1.3244289903450843,-4.1070836931729495,-0.8364805517295992,4.191400264368581,-168.48814598877507,208.70052428052836,North
loderup,ym_1,uː,oː,98.0,543.0,-29.07614817860749,-0.8448176897859625,-34.95961131523484,-20.463394002499697,-5.883463136627348,-19.618576312713735,20.481788862739148,-106.69359129922216,0.0,South
loderup,ym_2,uː,oː,98.0,543.0,0.596433324188131,3.8009840563108,2.029267645026613,-17.909711300264483,1.432834320838482,-21.710695356575282,21.757925155147312,-86.22414308041238,0.0,South
loderup,ym_3,uː,oː,98.0,543.0,-31.636467268109,6.354086712070867,-16.275000986397007,-19.94753823971587,15.361466281711994,-26.301624951786735,30.458990814349466,-59.7129318583434,0.0,South
malung,ym_1,uː,oː,96.0,337.0,25.91395581021068,22.29394812675768,36.69302498406617,-1.3295269549928792,10.77906917385549,-23.62347508175056,25.96645734775638,-65.47343337244308,202.62959374041924,North
malung,ym_2,uː,oː,96.0,337.0,28.25722349291396,15.486460808197377,26.245979036884552,-3.2601953515825675,-2.011244456029406,-18.746656159779945,18.854236166838593,-96.12358375329212,202.62959374041924,North
malung,ym_3,uː,oː,96.0,337.0,39.95489314062378,21.710948642014987,35.67715841263497,1.1365610273870534,-4.277734727988815,-20.574387614627934,21.01438650353602,-101.7453444843881,202.62959374041924,North
n_rorum,ym_1,uː,oː,84.0,522.0,-6.116767993974623,6.021650535758224,-2.8885242919425886,-3.2593991599239076,3.2282437020320343,-9.281049695682132,9.826466346221865,-70.82070283012155,18.299385463806168,South
n_rorum,ym_2,uː,oː,84.0,522.0,-3.466335798442119,7.862146124160084,2.9326364762810417,-12.643039856395596,6.39897227472316,-20.50518598055568,21.480444554753817,-72.66862991176342,18.299385463806168,South
nora,ym_1,uː,oː,160.0,357.0,8.827589212766071,8.525475986606203,59.53708765591713,2.0356110830281344,50.709498443151055,-6.489864903578068,51.12310220265036,-7.29313922315989,193.85787143343043,North
nora,ym_2,uː,oː,160.0,357.0,47.47563950476112,13.433122195640038,50.33927763166645,5.353694584100815,2.863638126905329,-8.079427611539224,8.5719060804449,-70.48385274339726,193.85787143343043,North
nora,ym_3,uː,oː,160.0,357.0,-17.399831804272573,8.408535710410057,39.04133631809063,-0.3749588632707689,56.4411681223632,-8.783494573680825,57.12053252502771,-8.845538610802745,193.85787143343043,North
nysatra,ym_1,uː,oː,228.0,188.0,24.912656521519846,3.922268950302994,23.686187278287157,-2.644496768517724,-1.226469243232689,-6.566765718820718,6.680317268698751,-100.5791973933709,371.9907689659383,North
nysatra,ym_2,uː,oː,228.0,188.0,39.33410483113765,17.281978992358,27.729332089550972,-5.413271374535126,-11.604772741586679,-22.695250366893127,25.49009885425782,-117.08204386905285,371.9907689659383,North
nysatra,ym_3,uː,oː,228.0,188.0,39.35272067175719,7.706364132844092,40.8218059549754,-2.834877067949124,1.469085283218213,-10.541241200793216,10.64311879209608,-82.06604839450571,371.9907689659383,North
ockelbo,ym_1,uː,oː,156.0,328.0,41.097187942888795,14.954647954033678,50.42859927381643,-2.0548080984419306,9.331411330927637,-17.00945605247561,19.400949271313088,-61.25076590766095,221.748110156052,North
ockelbo,ym_2,uː,oː,156.0,328.0,41.05254505614839,9.461771248172475,38.63737104035317,-2.743571608046594,-2.415174015795216,-12.205342856219069,12.442003848433348,-101.19300289329243,221.748110156052,North
ockelbo,ym_3,uː,oː,156.0,328.0,23.162656681819033,9.914459854222967,27.307264684687926,-5.196137519198083,4.1446080028688925,-15.11059737342105,15.66869262188406,-74.66184967164615,221.748110156052,North
orust,ym_1,uː,oː,49.0,436.0,46.893607028354836,10.964575967295259,55.406248751713534,7.168973243339827,8.512641723358698,-3.795602723955432,9.320497258642654,-24.031058000578003,97.05531592071132,Centre
orust,ym_2,uː,oː,49.0,436.0,53.40982775874038,1.6069571489272372,53.589948139925085,-6.958325295415172,0.1801203811847074,-8.565282444342408,8.567176121866433,-88.79529754613598,97.05531592071132,Centre
orust,ym_3,uː,oː,49.0,436.0,24.447166156174802,3.4467909950134583,34.07798796392393,-0.3373094506953396,9.630821807749129,-3.784100445708798,10.347567099363488,-21.450639435374065,97.05531592071132,Centre
ossjo,ym_1,uː,oː,74.0,515.0,14.533002010163017,8.282742438390622,-0.47588089877470535,-13.062070486055156,-15.008882908937721,-21.344812924445776,26.09343988349927,-125.11346849807,23.48799495009064,South
ossjo,ym_2,uː,oː,74.0,515.0,53.01464543281426,11.652235147037942,44.725432198240114,-9.8608081044223,-8.289213234574149,-21.513043251460243,23.05476276146511,-111.07222507674611,23.48799495009064,South
ossjo,ym_3,uː,oː,74.0,515.0,26.71202109233542,29.346321326704434,36.67702699819155,-4.8011212047153,9.965005905856131,-34.147442531419735,35.571746852528356,-73.73154561867813,23.48799495009064,South
ostad,ym_1,uː,oː,63.0,445.0,27.883266358353694,-3.2939756926080794,34.85359138626667,-4.433482816467878,6.970325027912978,-1.1395071238597985,7.0628540605110395,-9.28457013949271,90.57950065298506,Centre
ostad,ym_2,uː,oː,63.0,445.0,38.37700053986285,4.52760128453108,31.72407972936636,-11.91378518076551,-6.652920810496489,-16.44138646529659,17.736418584707994,-112.03045942724741,90.57950065298506,Centre
ostad,ym_3,uː,oː,63.0,445.0,17.402767401866754,-1.5559384176764577,26.995017757137838,-10.472886822363284,9.592250355271084,-8.916948404686826,13.096687967957592,-42.91050937169056,90.57950065298506,Centre
ovanaker,ym_1,uː,oː,140.0,310.0,45.19292746894925,23.947521321294474,44.235393615268926,4.389826285952881,-0.9575338536803244,-19.55769503534159,19.58112116750134,-92.80293130884677,236.74990844521912,North
ovanaker,ym_2,uː,oː,140.0,310.0,38.49172230353276,13.995491978381793,35.03399240642391,-0.7687291150372786,-3.457729897108848,-14.76422109341907,15.16371064537704,-103.18091922837968,236.74990844521912,North
ovanaker,ym_3,uː,oː,140.0,310.0,18.680985195171992,4.801138133461132,13.51297723485173,-4.344714330949155,-5.168007960320262,-9.145852464410286,10.504995172711565,-119.4693037049466,236.74990844521912,North
oxaback,ym_1,uː,oː,71.0,468.0,54.55511730705099,7.088246710981464,49.301441296652314,-5.724304673860077,-5.253676010398678,-12.81255138484154,13.847836820653377,-112.29565791433622,69.28443627964162,South
oxaback,ym_2,uː,oː,71.0,468.0,36.732257090326385,4.299280268743787,20.95371552606736,-5.645221207969826,-15.778541564259026,-9.944501476713612,18.650884255589837,-147.77862271488738,69.28443627964162,South
oxaback,ym_3,uː,oː,71.0,468.0,40.081461870868544,-0.5861235829026481,35.374755445439845,-7.947340571294585,-4.706706425428699,-7.361216988391936,8.737310852050639,-122.59454050169819,69.28443627964162,South
pitea,ym_1,uː,oː,233.0,141.0,15.344664069577865,8.69013434173228,25.29103829091001,-3.174462192385372,9.946374221332144,-11.864596534117652,15.482215961165805,-50.02609377002011,419.15398879796567,North
pitea,ym_2,uː,oː,233.0,141.0,30.207099009604594,-4.472568659051748,28.87967830962692,-14.062256285783704,-1.3274206999776723,-9.589687626731955,9.681123617278377,-97.88089870617954,419.15398879796567,North
pitea,ym_3,uː,oː,233.0,141.0,23.52983148148059,18.54350392500153,45.04472331971906,7.180183423113261,21.514891838238473,-11.36332050188827,24.33137118289339,-27.841253959198824,419.15398879796567,North
ragunda,ym_1,uː,oː,145.0,241.0,19.10103592680123,2.6633368444189482,26.211144380967923,-2.197095986806856,7.110108454166692,-4.860432831225804,8.612633136089704,-34.356306654562566,305.5896736367263,North
ragunda,ym_2,uː,oː,145.0,241.0,22.229318896178917,-0.3363277884164031,22.274868217611036,-11.213947748848373,0.04554932143211943,-10.87761996043197,10.877715327414618,-89.76007907671409,305.5896736367263,North
ragunda,ym_3,uː,oː,145.0,241.0,19.46839997630093,12.39016318996392,25.634429909099552,-2.37078469510504,6.166029932798622,-14.76094788506896,15.997046839897994,-67.32844367301962,305.5896736367263,North
rimforsa,ym_1,uː,oː,134.0,437.0,23.114604050206772,-11.186119019733137,30.803385137512123,-1.5376397694416304,7.688781087305351,9.648479250291507,12.337362216122626,51.448992872014905,110.59203999318285,Centre
rimforsa,ym_2,uː,oː,134.0,437.0,31.05804801260103,-12.507588302716538,42.99614087954946,-0.08147419702866021,11.938092866948427,12.426114105687878,17.231551673237675,46.14749553427295,110.59203999318285,Centre
rimforsa,ym_3,uː,oː,134.0,437.0,22.169829519637673,-14.026965987168378,42.81430691748906,-9.408566166914877,20.64447739785139,4.618399820253501,21.154764568061598,12.61007686059782,110.59203999318285,Centre
s_finnskoga,ym_1,uː,oː,74.0,333.0,70.24146113127978,26.59298572956113,63.53351454461996,10.191102859316405,-6.707946586659816,-16.401882870244723,17.720561760246436,-112.24329412941323,202.8121429239692,North
s_finnskoga,ym_2,uː,oː,74.0,333.0,51.64843601050252,10.836690389868778,48.76962936554044,5.084795861957424,-2.878806644962083,-5.751894527911354,6.432092844424311,-116.58783294171371,202.8121429239692,North
s_finnskoga,ym_3,uː,oː,74.0,333.0,52.10510780901302,11.781844966770695,41.66945509832375,2.6475988115751976,-10.435652710689268,-9.134246155195498,13.868572396675154,-138.80459182385044,202.8121429239692,North
s_mellosa,ym_1,uː,oː,129.0,395.0,10.011755933079296,-8.976551991196938,30.323438209355878,-0.6768945989793816,20.31168227627658,8.299657392217556,21.941940427423454,22.22565973960925,151.12029911541478,Centre
s_mellosa,ym_2,uː,oː,129.0,395.0,36.052587256786545,-5.749484606496095,51.43472672913339,4.345444536824795,15.382139472346843,10.09492914332089,18.39885347393691,33.27592969626449,151.12029911541478,Centre
s_mellosa,ym_3,uː,oː,129.0,395.0,39.973095110415045,-5.635791189096556,51.63094091544395,7.3506295943871125,11.657845805028906,12.98642078348367,17.45143242199696,48.08583430145508,151.12029911541478,Centre
sarna,ym_1,uː,oː,87.0,296.0,38.718651253439575,8.591980469631341,56.91198019004551,-1.9961540142209788,18.193328936605937,-10.58813448385232,21.050078613717467,-30.198504281903617,241.489166095073,North
segerstad,ym_1,uː,oː,153.0,510.0,38.02087643817904,4.00403943692805,46.873586724639495,-7.278160389759563,8.852710286460457,-11.282199826687613,14.340798874027653,-51.88008055694942,41.911420243744836,South
segerstad,ym_2,uː,oː,153.0,510.0,41.85780040624323,-4.515196915470435,45.80616730286763,-9.271479233495747,3.9483668966243997,-4.7562823180253115,6.181571211198624,-50.30267258906468,41.911420243744836,South
segerstad,ym_3,uː,oː,153.0,510.0,26.502190590601472,-3.3543663082732684,40.127868012593446,-10.38158725218514,13.625677421991973,-7.027220943911871,15.331044302419045,-27.281682853480305,41.911420243744836,South
skee,ym_1,uː,oː,42.0,404.0,70.75158900936499,29.499565964723033,69.85209025551177,21.872632546257122,-0.8994987538532229,-7.62693341846591,7.679792404609358,-96.72623007533085,127.38890525392424,Centre
skee,ym_2,uː,oː,42.0,404.0,70.41102627250642,25.92432026556335,61.829798794362645,8.684961190934175,-8.581227478143774,-17.239359074629174,19.257023818224067,-116.46272228048916,127.38890525392424,Centre
skee,ym_3,uː,oː,42.0,404.0,52.436164162458965,9.96164446833262,57.507608200826176,16.1562519730372,5.071444038367211,6.19460750470458,8.005792076467676,50.69326251583504,127.38890525392424,Centre
skinnskatteberg,ym_1,uː,oː,135.0,371.0,29.62519544597209,10.672462367896674,38.49796686365302,-6.335540018888201,8.87277141768093,-17.008002386784874,19.183279641898974,-62.44975423654819,175.79252338443186,North
skinnskatteberg,ym_2,uː,oː,135.0,371.0,3.7356936751832146,9.759290725734763,47.163849345692114,2.574986008292452,43.4281556705089,-7.184304717442311,44.01839319210798,-9.393348294392528,175.79252338443186,North
skog,ym_1,uː,oː,157.0,317.0,35.30175242823874,4.5250614479119795,33.42413041512093,-3.733872768943862,-1.877622013117815,-8.258934216855842,8.469678790987107,-102.80816800944511,232.75723014860148,North
skog,ym_2,uː,oː,157.0,317.0,33.65391305972233,9.794483973236083,15.443833400996683,-0.5261506655123513,-18.210079658725647,-10.320634638748434,20.93137598256903,-150.45743230898543,232.75723014860148,North
skog,ym_3,uː,oː,157.0,317.0,38.68915017091382,3.4180708404873617,43.115568254811826,-6.457401349523698,4.426418083898007,-9.87547219001106,10.822112918887012,-65.85695923352708,232.75723014860148,North
skuttunge,ym_1,uː,oː,171.0,364.0,54.798164348392696,3.3451915281191824,63.389123278374875,0.9612335906894942,8.590958929982179,-2.383957937429688,8.915594808204025,-15.509129145779193,188.8401092599555,North
skuttunge,ym_2,uː,oː,171.0,364.0,62.88249889912234,15.050432549363583,50.98643063892224,3.1304882348899503,-11.896068260200096,-11.919944314473632,16.840472455115158,-134.94255979338652,188.8401092599555,North
sorsele,ym_1,uː,oː,166.0,143.0,37.277568903373805,0.21436111147594095,33.31234403319209,-14.544278213724256,-3.9652248701817143,-14.758639325200198,15.282030068104609,-105.03860267531543,405.736623807046,North
sorsele,ym_4,uː,oː,166.0,143.0,23.873680899561162,1.6133655846113493,4.683437629826708,-6.079650459269754,-19.190243269734452,-7.693016043881103,20.674813967796677,-158.15505737474606,405.736623807046,North
sorsele,ym_5,uː,oː,166.0,143.0,39.54416950888377,-3.564629624569904,17.927456438391317,7.110302901417171,-21.61671307049245,10.674932525987074,24.108846268670263,153.71856236144956,405.736623807046,North
sorsele,ym_6,uː,oː,166.0,143.0,44.578899017407394,6.191628106788009,43.484086287372925,-9.339985962339236,-1.0948127300344694,-15.531614069127246,15.570152552436888,-94.03207057586273,405.736623807046,North
sorunda,ym_2,uː,oː,181.0,406.0,51.89082114922827,8.713004489790713,57.334046724665185,3.618968175630502,5.443225575436912,-5.094036314160211,7.455059398493982,-43.10199724664707,149.16608670177132,Centre
sorunda,ym_3,uː,oː,181.0,406.0,35.76479918248239,1.5599506585896536,41.384984301538935,7.33230615765063,5.6201851190565435,5.772355499060977,8.056461306305897,45.76525530052653,149.16608670177132,Centre
st_anna,ym_1,uː,oː,157.0,436.0,30.030760903586597,0.7570809874898468,34.03931984206301,1.3560468664080956,4.008558938476412,0.5989658789182488,4.05306117488343,8.498360453471786,115.50682570414243,Centre
st_anna,ym_2,uː,oː,157.0,436.0,29.296772449766074,-11.33488330277104,41.31114141280955,-5.175963967401264,12.014368963043474,6.1589193353697755,13.501012886436854,27.141013320411727,115.50682570414243,Centre
st_anna,ym_3,uː,oː,157.0,436.0,38.95453968799565,-8.778815378142925,42.65640312857292,-6.933447155507623,3.70186344057727,1.8453682226353019,4.136324069726012,26.496122319171867,115.50682570414243,Centre
st_anna,ym_4,uː,oː,157.0,436.0,36.042303613809835,-3.231086159756953,51.07604496356177,8.950694040627976,15.033741349751935,12.181780200384928,19.34965497939773,39.01771108086428,115.50682570414243,Centre
stenberga,ym_1,uː,oː,128.0,474.0,24.368224051448294,-10.325249279084636,5.073794380382607,-12.05165076784986,-19.294429671065686,-1.7264014887652248,19.37151203267599,-174.88697999824356,73.11094801174586,South
stenberga,ym_2,uː,oː,128.0,474.0,30.472651579642847,0.18836567083997874,36.89447316953925,-5.57684141144993,6.421821589896407,-5.765207082289908,8.630029271917062,-41.91599147423238,73.11094801174586,South
stenberga,ym_3,uː,oː,128.0,474.0,50.16573951682501,3.7425077414728607,54.43776396399973,3.79290321775435,4.272024447174715,0.050395476281489326,4.272321685136557,0.6758655538830738,73.11094801174586,South
storsjo,ym_1,uː,oː,87.0,251.0,37.20830781061616,12.313236430438092,21.438574208174984,-0.08626246796307047,-15.769733602441178,-12.399498898401163,20.06070962910869,-141.82257468474103,285.8275543303726,North
storsjo,ym_2,uː,oː,87.0,251.0,38.7651572291157,9.868156205339183,35.442137824141994,-9.422208727347064,-3.3230194049737065,-19.290364932686245,19.574489449332848,-99.77402586293867,285.8275543303726,North
storsjo,ym_3,uː,oː,87.0,251.0,34.12136385897765,4.3946912123561095,20.26846061034403,-3.256642135036437,-13.852903248633623,-7.651333347392546,15.82548041637047,-151.0869415462546,285.8275543303726,North
strom,ym_1,uː,oː,132.0,211.0,37.69282894106918,5.476751800379293,47.37146792748945,0.6852987443795693,9.678638986420268,-4.791453055999724,10.799725691761964,-26.337914565854323,332.92758406040195,North
strom,ym_2,uː,oː,132.0,211.0,34.49109875716438,14.220336573402303,30.49491085425597,-1.2095991134964383,-3.99618790290841,-15.429935686898741,15.939022336930922,-104.51995959784577,332.92758406040195,North
strom,ym_3,uː,oː,132.0,211.0,13.645398879215461,6.286144795476796,6.661529078152896,4.213938275972703,-6.983869801062565,-2.0722065195040926,7.284811408517652,-163.47368087926873,332.92758406040195,North
tjallmo,ym_1,uː,oː,128.0,416.0,35.75251969818292,2.650445012287897,37.326608215541725,7.777112180869109,1.5740885173588026,5.126667168581212,5.362878976621544,72.93145379781525,130.2582039594654,Centre
tjallmo,ym_2,uː,oː,128.0,416.0,42.53840773022577,10.28725191226729,41.91233106704021,7.280734436441266,-0.6260766631855574,-3.0065174758260245,3.07101275162329,-101.76315388685049,130.2582039594654,Centre
tjallmo,ym_3,uː,oː,128.0,416.0,34.78731098062282,2.6932413344956903,47.872410312878365,7.435818176850363,13.085099332255545,4.742576842354673,13.918040797491338,19.922594145427258,130.2582039594654,Centre
torhamn,ym_1,uː,oː,135.0,521.0,28.23249036598316,2.1060359191739693,25.678976631398914,-6.864918122837198,-2.5535137345842465,-8.970954042011167,9.327295900559115,-105.88859945841703,27.997895933433075,South
torhamn,ym_2,uː,oː,135.0,521.0,52.094215813777765,5.25280658339825,39.784572033909384,0.17753732120018406,-12.30964377986838,-5.075269262198066,13.314867181878489,-157.59363359459104,27.997895933433075,South
torhamn,ym_3,uː,oː,135.0,521.0,16.155510537906558,-5.514667912811276,0.5761626722947242,-17.34984625141834,-15.579347865611833,-11.835178338607065,19.564956586314672,-142.7771176508025,27.997895933433075,South
torp,ym_1,uː,oː,145.0,265.0,32.17557910253733,10.101574054908902,30.851972875622195,1.245212391327188,-1.3236062269151319,-8.856361663581714,8.954723633931332,-98.50008927680203,281.9425332445665,North
torp,ym_2,uː,oː,145.0,265.0,39.407679620675815,13.454182847759917,34.94263742177938,-5.387559968095406,-4.465042198896434,-18.841742815855323,19.36357080129493,-103.33179906835177,281.9425332445665,North
torp,ym_3,uː,oː,145.0,265.0,27.33106994099732,17.61936922396238,19.863168931797922,16.906914532305443,-7.467901009199398,-0.7124546916569372,7.501808926576667,-174.55034627295436,281.9425332445665,North
torsas,ym_1,uː,oː,144.0,504.0,33.530743218180305,2.6686164353883397,35.6418732827335,-7.6782756923765465,2.111130064553194,-10.346892127764885,10.560068506078137,-78.46793413625622,46.285579526498864,South
torsas,ym_2,uː,oː,144.0,504.0,7.97093866491548,1.976513229726883,14.139524856867945,-5.078614235093582,6.168586191952465,-7.055127464820465,9.371567593119662,-48.83547148763338,46.285579526498864,South
torsas,ym_3,uː,oː,144.0,504.0,11.957808340468006,-4.485978730799947,23.960640345438655,-12.48805299056485,12.00283200497065,-8.002074259764903,14.425712065556409,-33.69068305179965,46.285579526498864,South
torso,ym_1,uː,oː,95.0,414.0,30.0556542535122,10.733254363880057,36.562441760278844,14.316447971618441,6.506787506766646,3.5831936077383837,7.428159939631868,28.840940044655778,126.59083766943033,Centre
torso,ym_2,uː,oː,95.0,414.0,47.09203407454831,15.815480079321675,44.44571274208231,11.372537556170446,-2.6463213324660018,-4.442942523151229,5.171339754714444,-120.779025216277,126.59083766943033,Centre
torso,ym_3,uː,oː,95.0,414.0,41.72456535156816,15.446033628656544,31.27073397706267,8.159716183651108,-10.45383137450549,-7.2863174450054355,12.7425669437514,-145.12351424438108,126.59083766943033,Centre
v_vingaker,ym_1,uː,oː,139.0,402.0,52.183437442026,15.294548537547634,54.458246006257205,7.87814408139211,2.2748085642312077,-7.416404456155524,7.75743572717062,-72.94783004443599,145.93168962913032,Centre
v_vingaker,ym_2,uː,oː,139.0,402.0,38.97226871623074,15.877259714634711,47.55772792626,24.990810604335305,8.585459210029263,9.113550889700594,12.520659713698747,46.7090475678054,145.93168962913032,Centre
v_vingaker,ym_3,uː,oː,139.0,402.0,43.88653022501707,9.528546537317881,31.634928698976623,-5.988046845039483,-12.251601526040446,-15.516593382357364,19.770341680059374,-128.29393769411263,145.93168962913032,Centre
vackelsang,ym_1,uː,oː,116.0,500.0,1.7143540174253922,-5.835001768641705,31.11274364621011,-5.308599062316558,29.398389628784717,0.5264027063251469,29.403102091022017,1.0258191363115983,45.44304483319151,South
vackelsang,ym_2,uː,oː,116.0,500.0,9.759925712549357,-2.765136240269337,24.193921942403264,-8.214383128770375,14.433996229853907,-5.4492468885010386,15.428367989365404,-20.682957667102997,45.44304483319151,South
vackelsang,ym_3,uː,oː,116.0,500.0,6.63948042782329,-10.27416313737393,16.946136693086167,-6.705735253292027,10.306656265262877,3.5684278840819035,10.90691711411505,19.09716139493829,45.44304483319151,South
vaxtorp,ym_1,uː,oː,78.0,504.0,-31.467299769470678,2.588496062757351,-2.965876530786714,-22.247204981513928,28.501423238683962,-24.83570104427128,37.80401001204782,-41.068392181787225,35.00965688106874,South
vaxtorp,ym_2,uː,oː,78.0,504.0,18.15665848503771,-6.301226023079698,20.061388607265688,-6.714111449041318,1.9047301222279778,-0.4128854259616199,1.9489667040496397,-12.23069367417668,35.00965688106874,South
vaxtorp,ym_3,uː,oː,78.0,504.0,1.97538356495805,-8.00002750401489,4.654165376846944,-16.704550820186107,2.6787818118888937,-8.704523316171217,9.107392500462199,-72.89446332161984,35.00965688106874,South
vemdalen,ym_1,uː,oː,102.0,266.0,38.339425363444114,12.304655837999608,31.80958886669427,5.205818189509598,-6.529836496749844,-7.09883764849001,9.645323251913617,-132.60927279989988,273.610801277416,North
vemdalen,ym_2,uː,oː,102.0,266.0,38.44800928981046,18.19442665333478,41.171782075329915,10.354238249121522,2.723772785519458,-7.840188404213258,8.299848938426317,-70.84217746320506,273.610801277416,North
vemdalen,ym_3,uː,oː,102.0,266.0,34.719832952034174,0.6833295363199767,23.777957917772756,-10.21637709745012,-10.941875034261418,-10.899706633770098,15.444359292882472,-135.11061783032977,273.610801277416,North
viby,ym_2,uː,oː,116.0,402.0,14.236749369199241,-6.431509474964436,29.33672972667461,0.6298603704726082,15.099980357475367,7.061369845437044,16.66950361859013,25.06271799523877,142.0022014345107,Centre
viby,ym_3,uː,oː,116.0,402.0,33.28115763303286,-4.746502015984246,33.8961520470883,9.654556722471447,0.6149944140554382,14.401058738455694,14.41418436533162,87.55468066115606,142.0022014345107,Centre
vilhelmina,ym_1,uː,oː,152.0,178.0,20.529202470601792,12.072340831281469,18.721431682350925,-0.295118916229291,-1.807770788250867,-12.36745974751076,12.498883783328496,-98.31611901976308,368.85934835581264,North
vilhelmina,ym_2,uː,oː,152.0,178.0,34.54236015664051,14.121607110602337,33.940306564875115,-5.331010838439916,-0.6020535917653973,-19.452617949042253,19.461932422006775,-91.77272396557883,368.85934835581264,North
vilhelmina,ym_3,uː,oː,152.0,178.0,13.002738760277271,6.0688649292975505,19.41263351286105,-1.215301728701313,6.409894752583778,-7.284166657998863,9.702877647414883,-48.65298483913368,368.85934835581264,North
villberga,ym_1,uː,oː,166.0,379.0,55.8299779172346,13.186969994005743,65.12456578055819,19.042935662000232,9.294587863323585,5.855965667994489,10.985522174834122,32.21258392889708,173.2064099508079,North
villberga,ym_2,uː,oː,166.0,379.0,66.6249649148343,16.530109066011438,58.009459377755086,-0.7710292591161148,-8.615505537079208,-17.301138325127553,19.327605206145947,-116.47208037247881,173.2064099508079,North
villberga,ym_3,uː,oː,166.0,379.0,33.63808293371869,15.01684816742818,28.82331949747512,2.337950086086507,-4.814763436243574,-12.678898081341671,13.56231556571508,-110.79408341106489,173.2064099508079,North
vindeln,ym_1,uː,oː,212.0,194.0,21.39249536650778,4.6814410778575,7.677194814481805,-13.169112178763658,-13.715300552025976,-17.850553256621158,22.511146590075597,-127.53652692983296,363.3454268629456,North
